Date,ReverseRepo,ReverseRepoRate
2022-03-31,1871.97,0.3
2022-03-30,1785.939,0.3
2022-03-29,1718.87,0.3
2022-03-28,1688.632,0.3
2022-03-25,1676.974,0.3
2022-03-24,1707.655,0.3
2022-03-23,1803.186,0.3
2022-03-22,1763.183,0.3
2022-03-21,1728.893,0.3
2022-03-18,1715.148,0.3
2022-03-17,1659.977,0.3
2022-03-16,1613.637,0.05
2022-03-15,1583.471,0.05
2022-03-14,1608.021,0.05
2022-03-11,1557.823,0.05
2022-03-10,1568.735,0.05
2022-03-09,1542.504,0.05
2022-03-08,1525.099,0.05
2022-03-07,1461.227,0.05
2022-03-04,1483.061,0.05
2022-03-03,1533.992,0.05
2022-03-02,1526.211,0.05
2022-03-01,1552.95,0.05
2022-02-28,1596.052,0.05
2022-02-25,1603.349,0.05
2022-02-24,1650.399,0.05
2022-02-23,1738.322,0.05
2022-02-22,1699.432,0.05
2022-02-18,1674.929,0.05
2022-02-17,1647.202,0.05
2022-02-16,1644.134,0.05
2022-02-15,1608.494,0.05
2022-02-14,1666.232,0.05
2022-02-11,1635.826,0.05
2022-02-10,1634.146,0.05
2022-02-09,1653.153,0.05
2022-02-08,1674.61,0.05
2022-02-07,1679.932,0.05
2022-02-04,1642.892,0.05
2022-02-03,1640.397,0.05
2022-02-02,1626.895,0.05
2022-02-01,1584.109,0.05
2022-01-31,1654.85,0.05
2022-01-28,1615.021,0.05
2022-01-27,1583.895,0.05
2022-01-26,1613.046,0.05
2022-01-25,1599.502,0.05
2022-01-24,1614.002,0.05
2022-01-21,1706.127,0.05
2022-01-20,1678.931,0.05
2022-01-19,1656.576,0.05
2022-01-18,1597.137,0.05
2022-01-14,1598.887,0.05
2022-01-13,1636.742,0.05
2022-01-12,1536.981,0.05
2022-01-11,1527.02,0.05
2022-01-10,1560.421,0.05
2022-01-07,1530.096,0.05
2022-01-06,1510.553,0.05
2022-01-05,1492.787,0.05
2022-01-04,1495.692,0.05
2022-01-03,1579.526,0.05
2021-12-31,1904.582,0.05
2021-12-30,1696.476,0.05
2021-12-29,1642.506,0.05
2021-12-28,1637.064,0.05
2021-12-27,1580.347,0.05
2021-12-23,1577.78,0.05
2021-12-22,1699.277,0.05
2021-12-21,1748.285,0.05
2021-12-20,1758.041,0.05
2021-12-17,1704.586,0.05
2021-12-16,1657.626,0.05
2021-12-15,1621.097,0.05
2021-12-14,1584.488,0.05
2021-12-13,1599.768,0.05
2021-12-10,1507.147,0.05
2021-12-09,1500.027,0.05
2021-12-08,1484.192,0.05
2021-12-07,1455.038,0.05
2021-12-06,1487.996,0.05
2021-12-03,1475.464,0.05
2021-12-02,1448.585,0.05
2021-12-01,1427.347,0.05
2021-11-30,1517.956,0.05
2021-11-29,1459.339,0.05
2021-11-26,1451.108,0.05
2021-11-24,1452.897,0.05
2021-11-23,1571.98,0.05
2021-11-22,1573.769,0.05
2021-11-19,1575.384,0.05
2021-11-18,1584.097,0.05
2021-11-17,1520,0.05
2021-11-16,1466.857,0.05
2021-11-15,1391.657,0.05
2021-11-12,1417.643,0.05
2021-11-10,1448.623,0.05
2021-11-09,1377.197,0.05
2021-11-08,1354.382,0.05
2021-11-05,1354.059,0.05
2021-11-04,1348.539,0.05
2021-11-03,1343.985,0.05
2021-11-02,1329.913,0.05
2021-11-01,1358.606,0.05
2021-10-29,1502.296,0.05
2021-10-28,1384.684,0.05
2021-10-27,1433.37,0.05
2021-10-26,1423.198,0.05
2021-10-25,1413.188,0.05
2021-10-22,1403.02,0.05
2021-10-21,1458.605,0.05
2021-10-20,1493.961,0.05
2021-10-19,1470.739,0.05
2021-10-18,1477.114,0.05
2021-10-15,1462.297,0.05
2021-10-14,1445.66,0.05
2021-10-13,1364.701,0.05
2021-10-12,1367.051,0.05
2021-10-08,1371.958,0.05
2021-10-07,1375.863,0.05
2021-10-06,1451.175,0.05
2021-10-05,1431.18,0.05
2021-10-04,1399.173,0.05
2021-10-01,1385.991,0.05
2021-09-30,1604.881,0.05
2021-09-29,1415.84,0.05
2021-09-28,1365.185,0.05
2021-09-27,1297.05,0.05
2021-09-24,1313.657,0.05
2021-09-23,1352.483,0.05
2021-09-22,1283.281,0.05
2021-09-21,1240.494,0.05
2021-09-20,1224.289,0.05
2021-09-17,1218.303,0.05
2021-09-16,1147.494,0.05
2021-09-15,1081.342,0.05
2021-09-14,1169.28,0.05
2021-09-13,1087.108,0.05
2021-09-10,1099.323,0.05
2021-09-09,1107.659,0.05
2021-09-08,1115.229,0.05
2021-09-07,1079.945,0.05
2021-09-03,1074.707,0.05
2021-09-02,1066.987,0.05
2021-09-01,1084.115,0.05
2021-08-31,1189.616,0.05
2021-08-30,1140.711,0.05
2021-08-27,1120.015,0.05
2021-08-26,1091.792,0.05
2021-08-25,1147.089,0.05
2021-08-24,1129.737,0.05
2021-08-23,1135.697,0.05
2021-08-20,1111.905,0.05
2021-08-19,1109.938,0.05
2021-08-18,1115.656,0.05
2021-08-17,1053.454,0.05
2021-08-16,1036.418,0.05
2021-08-13,1050.941,0.05
2021-08-12,1087.342,0.05
2021-08-11,1000.46,0.05
2021-08-10,998.654,0.05
2021-08-09,981.765,0.05
2021-08-06,952.134,0.05
2021-08-05,944.335,0.05
2021-08-04,931.755,0.05
2021-08-03,909.442,0.05
2021-08-02,921.317,0.05
2021-07-30,1039.394,0.05
2021-07-29,987.283,0.05
2021-07-28,965.189,0.05
2021-07-27,927.419,0.05
2021-07-26,891.203,0.05
2021-07-23,877.251,0.05
2021-07-22,898.197,0.05
2021-07-21,886.206,0.05
2021-07-20,848.102,0.05
2021-07-19,860.468,0.05
2021-07-16,817.566,0.05
2021-07-15,776.261,0.05
2021-07-14,859.975,0.05
2021-07-13,798.267,0.05
2021-07-12,776.472,0.05
2021-07-09,780.596,0.05
2021-07-08,793.399,0.05
2021-07-07,785.72,0.05
2021-07-06,772.581,0.05
2021-07-02,731.504,0.05
2021-07-01,742.647,0.05
2021-06-30,991.939,0.05
2021-06-29,841.246,0.05
2021-06-28,803.019,0.05
2021-06-25,770.83,0.05
2021-06-24,813.048,0.05
2021-06-23,813.573,0.05
2021-06-23,0.077,0.05
2021-06-22,791.605,0.05
2021-06-21,765.141,0.05
2021-06-18,747.121,0.05
2021-06-17,755.8,0.05
2021-06-16,520.942,0
2021-06-15,509.559,0
2021-06-14,583.892,0
2021-06-11,547.808,0
2021-06-10,534.943,0
2021-06-09,502.904,0
2021-06-08,497.428,0
2021-06-07,486.097,0
2021-06-04,483.349,0
2021-06-03,479.102,0
2021-06-02,438.778,0
2021-06-01,447.985,0
2021-05-28,479.498,0
2021-05-27,485.329,0
2021-05-26,450.283,0
2021-05-25,432.955,0
2021-05-24,394.941,0
2021-05-21,369.046,0
2021-05-20,351.121,0
2021-05-19,293.998,0
2021-05-18,243.47,0
2021-05-17,208.96,0
2021-05-14,241.185,0
2021-05-13,235.217,0
2021-05-12,209.257,0
2021-05-11,181.753,0
2021-05-10,175.548,0
2021-05-07,161.856,0
2021-05-06,154.921,0
2021-05-05,162.8,0
2021-05-04,147.806,0
2021-05-03,129.724,0
2021-04-30,183.234,0
2021-04-29,173.469,0
2021-04-28,166.732,0
2021-04-27,142.172,0
2021-04-26,100.916,0
2021-04-23,73.794,0
2021-04-22,102.644,0
2021-04-21,81.329,0
2021-04-20,67.747,0
2021-04-19,53.798,0
2021-04-16,39.94,0
2021-04-15,28.626,0
2021-04-14,50.856,0
2021-04-13,37.543,0
2021-04-12,30.221,0
2021-04-09,31.265,0
2021-04-08,27.64,0
2021-04-07,35.035,0
2021-04-06,18.951,0
2021-04-05,3.45,0
2021-03-31,134.307,0
2021-03-30,104.725,0
2021-03-29,40.354,0
2021-03-26,11.45,0
2021-03-25,10.1,0
2021-03-24,21.902,0
2021-03-23,19.526,0
2021-03-22,22.242,0
2021-03-19,18.908,0
2021-03-18,26.57,0
2021-03-17,0,
2021-03-16,0.702,0
2021-03-15,0.003,0
2021-03-12,6.8,0
2021-03-11,11.051,0
2021-03-10,0.1,0
2021-03-09,0,
2021-03-08,0.025,0
2021-03-05,1,0
2021-03-04,2.1,0
2021-03-03,0.507,0
2021-03-02,0.005,0
2021-03-01,0,
2021-02-26,11.2,0
2021-02-25,9.976,0
2021-02-24,0.001,0
2021-02-23,0.435,0
2021-02-22,1.1,0
2021-02-19,0.002,0
2021-02-18,0,
2021-02-17,0.05,0
2021-02-16,0.004,0
2021-02-12,0.001,0
2021-02-11,0.108,0
2021-02-10,0,
2021-02-09,0.001,0
2021-02-08,0.002,0
2021-02-05,0.01,0
2021-02-04,0.5,0
2021-02-03,0.178,0
2021-02-02,0.011,0
2021-02-01,0.012,0
2021-01-29,7.1,0
2021-01-28,2.655,0
2021-01-27,1.152,0
2021-01-26,1.631,0
2021-01-25,2.2,0
2021-01-22,0,
2021-01-21,1.201,0
2021-01-20,1.806,0
2021-01-19,0.004,0
2021-01-15,0,
2021-01-14,0.6,0
2021-01-13,0,
2021-01-12,0,
2021-01-11,0,
2021-01-08,0,
2021-01-07,0.001,0
2021-01-06,0.004,0
2021-01-05,0.005,0
2021-01-04,0.001,0
2020-12-31,9.651,0
2020-12-30,0.652,0
2020-12-29,0.257,0
2020-12-28,0.901,0
2020-12-24,0.01,0
2020-12-23,0.857,0
2020-12-22,0.406,0
2020-12-21,0.435,0
2020-12-18,0.032,0
2020-12-17,0.014,0
2020-12-16,0.026,0
2020-12-15,0.001,0
2020-12-14,0.1,0
2020-12-11,0,
2020-12-10,0.001,0
2020-12-09,0.003,0
2020-12-08,0.001,0
2020-12-07,0.001,0
2020-12-04,0,
2020-12-03,0,
2020-12-02,0.001,0
2020-12-01,0.002,0
2020-11-30,0.006,0
2020-11-27,0,
2020-11-25,0,
2020-11-24,0.001,0
2020-11-23,0.485,0
2020-11-20,0,
2020-11-19,2,0
2020-11-18,0,
2020-11-18,0.103,0
2020-11-17,0,
2020-11-16,0.013,0
2020-11-13,0.003,0
2020-11-12,0,
2020-11-10,0,
2020-11-09,0,
2020-11-06,0,
2020-11-05,0,
2020-11-04,0,
2020-11-03,0,
2020-11-02,0,
2020-10-30,0.001,0
2020-10-29,0.014,0
2020-10-28,0.005,0
2020-10-27,0,
2020-10-26,0.001,0
2020-10-23,0,
2020-10-22,0.001,0
2020-10-21,0,
2020-10-20,0.007,0
2020-10-19,0.004,0
2020-10-16,0.002,0
2020-10-15,0.001,0
2020-10-14,0,
2020-10-13,0,
2020-10-09,0,
2020-10-08,0.212,0
2020-10-07,0.011,0
2020-10-06,0,
2020-10-05,0,
2020-10-02,0,
2020-10-01,0.001,0
2020-09-30,0.85,0
2020-09-29,1.301,0
2020-09-28,0,
2020-09-25,0,
2020-09-24,0.004,0
2020-09-23,0.001,0
2020-09-22,0,
2020-09-21,0.054,0
2020-09-18,0,
2020-09-17,0.001,0
2020-09-16,0.055,0
2020-09-15,0.002,0
2020-09-14,0.001,0
2020-09-11,0,
2020-09-10,0.01,0
2020-09-09,0.001,0
2020-09-08,0,
2020-09-04,0,
2020-09-03,0,
2020-09-02,0.014,0
2020-09-01,0.008,0
2020-08-31,0.011,0
2020-08-28,0,
2020-08-27,0.002,0
2020-08-26,0.009,0
2020-08-25,0.012,0
2020-08-24,0,
2020-08-21,0,
2020-08-20,0.15,0
2020-08-19,0.112,0
2020-08-18,0.002,0
2020-08-17,0.054,0
2020-08-14,0.001,0
2020-08-13,0.126,0
2020-08-12,0.103,0
2020-08-11,0,
2020-08-10,0.008,0
2020-08-07,0,
2020-08-06,0,
2020-08-05,0,
2020-08-04,0.005,0
2020-08-03,0,
2020-07-31,0.15,0
2020-07-30,0.307,0
2020-07-29,0.001,0
2020-07-28,0,
2020-07-27,0,
2020-07-24,0,
2020-07-23,0,
2020-07-22,0,
2020-07-21,0,
2020-07-20,0.003,0
2020-07-17,0,
2020-07-16,0.001,0
2020-07-15,0.001,0
2020-07-14,0.001,0
2020-07-13,0.001,0
2020-07-10,0,
2020-07-09,0,
2020-07-08,0.001,0
2020-07-07,0.003,0
2020-07-06,0,
2020-07-01,0.002,0
2020-06-30,0.95,0
2020-06-29,0.25,0
2020-06-26,0.2,0
2020-06-25,0.001,0
2020-06-24,0.001,0
2020-06-23,0.011,0
2020-06-22,0.01,0
2020-06-19,0.001,0
2020-06-18,0.001,0
2020-06-17,0.001,0
2020-06-16,4,0
2020-06-15,0.003,0
2020-06-12,0,
2020-06-11,0.375,0
2020-06-10,0.012,0
2020-06-09,1.252,0
2020-06-08,0,
2020-06-05,0,
2020-06-04,0,
2020-06-03,0.013,0
2020-06-02,2.013,0
2020-06-01,0,
2020-05-29,1.325,0
2020-05-28,0,
2020-05-27,4.326,0
2020-05-26,0.001,0
2020-05-22,0.001,0
2020-05-21,0.003,0
2020-05-20,9.726,0
2020-05-19,0.09,0
2020-05-18,0.578,0
2020-05-15,1.15,0
2020-05-14,0.133,0
2020-05-13,13.825,0
2020-05-12,0.825,0
2020-05-11,0.123,0
2020-05-08,0.68,0
2020-05-07,0.982,0
2020-05-06,1.175,0
2020-05-05,1.925,0
2020-05-04,4.85,0
2020-05-01,0.251,0
2020-04-30,1.775,0
2020-04-29,1.45,0
2020-04-28,7.131,0
2020-04-27,16.476,0
2020-04-24,1.5,0
2020-04-23,1.45,0
2020-04-22,10.825,0
2020-04-21,12.528,0
2020-04-20,31,0
2020-04-17,1.726,0
2020-04-16,1.525,0
2020-04-15,3.15,0
2020-04-14,9.9,0
2020-04-13,6.1,0
2020-04-08,53.483,0
2020-04-07,88.36,0
2020-04-06,144.294,0
2020-04-03,148.117,0
2020-04-02,182.627,0
2020-04-01,207.828,0
2020-03-31,284.908,0
2020-03-30,237.497,0
2020-03-27,210.794,0
2020-03-26,138.48,0
2020-03-25,97.411,0
2020-03-24,41.516,0
2020-03-23,26.944,0
2020-03-20,12.203,0
2020-03-19,1.195,0
2020-03-18,0.477,0
2020-03-17,5.7,0
2020-03-16,1.425,0
2020-03-13,15.1,1
2020-03-12,21.05,1
2020-03-11,1.325,1
2020-03-10,0.151,1
2020-03-09,2.504,1
2020-03-06,2.93,1
2020-03-05,0.85,1
2020-03-04,5.025,1
2020-03-03,0.627,1.5
2020-03-02,2.525,1.5
2020-02-28,2.187,1.5
2020-02-27,0.275,1.5
2020-02-26,2.3,1.5
2020-02-25,0.111,1.5
2020-02-24,0.592,1.5
2020-02-21,4.532,1.5
2020-02-20,3.6,1.5
2020-02-19,5.054,1.5
2020-02-19,0.095,1.5
2020-02-18,9.454,1.5
2020-02-14,0,
2020-02-13,0.45,1.5
2020-02-12,0.309,1.5
2020-02-11,0.228,1.5
2020-02-10,0.83,1.5
2020-02-07,1.1,1.5
2020-02-06,0.403,1.5
2020-02-05,4.112,1.5
2020-02-04,2.112,1.5
2020-02-03,6.16,1.5
2020-01-31,4.5,1.5
2020-01-30,4.14,1.5
2020-01-29,0.3,1.45
2020-01-28,0.002,1.45
2020-01-27,0.002,1.45
2020-01-24,0,
2020-01-23,12.904,1.45
2020-01-22,15.604,1.45
2020-01-21,13.381,1.45
2020-01-17,16.15,1.45
2020-01-16,0.3,1.45
2020-01-15,0.675,1.45
2020-01-14,0.656,1.45
2020-01-13,1,1.45
2020-01-10,0.627,1.45
2020-01-09,0.401,1.45
2020-01-08,0.876,1.45
2020-01-07,1.602,1.45
2020-01-06,3.825,1.45
2020-01-03,4.251,1.45
2020-01-02,3.1,1.45
2019-12-31,64.087,1.45
2019-12-30,6.525,1.45
2019-12-27,0.825,1.45
2019-12-26,3.192,1.45
2019-12-24,4.423,1.45
2019-12-23,7.652,1.45
2019-12-20,13.051,1.45
2019-12-19,8.936,1.45
2019-12-18,13.362,1.45
2019-12-17,0.826,1.45
2019-12-16,1.328,1.45
2019-12-13,0,
2019-12-12,0.6,1.45
2019-12-11,0.605,1.45
2019-12-10,0.001,1.45
2019-12-09,0.115,1.45
2019-12-06,1,1.45
2019-12-05,0.001,1.45
2019-12-04,0,
2019-12-03,0.151,1.45
2019-12-02,0.015,1.45
2019-11-29,0.75,1.45
2019-11-27,0.506,1.45
2019-11-26,2.205,1.45
2019-11-25,0,
2019-11-22,0.375,1.45
2019-11-21,25.719,1.45
2019-11-20,26.026,1.45
2019-11-19,26.726,1.45
2019-11-18,27.055,1.45
2019-11-15,0.002,1.45
2019-11-14,1.867,1.45
2019-11-13,1.762,1.45
2019-11-12,1.301,1.45
2019-11-08,0.805,1.45
2019-11-07,1.055,1.45
2019-11-06,1.65,1.45
2019-11-05,1.836,1.45
2019-11-04,3.085,1.45
2019-11-01,2.1,1.45
2019-10-31,2.851,1.45
2019-10-30,0.196,1.7
2019-10-29,0.081,1.7
2019-10-28,0.036,1.7
2019-10-25,0.005,1.7
2019-10-24,0.425,1.7
2019-10-23,18.29,1.7
2019-10-22,20.7,1.7
2019-10-21,18.758,1.7
2019-10-18,20.1,1.7
2019-10-17,1.001,1.7
2019-10-16,1.803,1.7
2019-10-15,1.726,1.7
2019-10-11,2.95,1.7
2019-10-10,1.1,1.7
2019-10-09,1.469,1.7
2019-10-08,3.976,1.7
2019-10-07,5.65,1.7
2019-10-04,5.325,1.7
2019-10-03,3.297,1.7
2019-10-02,3.054,1.7
2019-10-01,2.706,1.7
2019-09-30,7.057,1.7
2019-09-27,5.33,1.7
2019-09-26,5.18,1.7
2019-09-25,0.133,1.7
2019-09-24,0.101,1.7
2019-09-23,7.485,1.7
2019-09-20,7.552,1.7
2019-09-19,5.004,1.7
2019-09-18,18.91,2
2019-09-17,1.825,2
2019-09-16,2.202,2
2019-09-13,2.675,2
2019-09-12,3.469,2
2019-09-11,3.612,2
2019-09-10,3.608,2
2019-09-09,2.787,2
2019-09-06,0.88,2
2019-09-05,1.075,2
2019-09-04,1.425,2
2019-09-03,1.754,2
2019-08-30,12.089,2
2019-08-29,0.102,2
2019-08-28,4.255,2
2019-08-27,1.555,2
2019-08-26,3.676,2
2019-08-23,9.046,2
2019-08-22,14.611,2
2019-08-21,15.153,2
2019-08-20,15.98,2
2019-08-19,13.403,2
2019-08-16,11.843,2
2019-08-15,3.51,2
2019-08-14,2.744,2
2019-08-13,5.001,2
2019-08-12,5.43,2
2019-08-09,2.72,2
2019-08-08,3.056,2
2019-08-07,3.622,2
2019-08-06,3.41,2
2019-08-05,3.474,2
2019-08-02,3.335,2
2019-08-01,6.044,2
2019-07-31,7.367,2.25
2019-07-30,2.306,2.25
2019-07-29,3.928,2.25
2019-07-26,3.25,2.25
2019-07-25,3.355,2.25
2019-07-24,8.255,2.25
2019-07-23,14.755,2.25
2019-07-22,14.16,2.25
2019-07-19,14.255,2.25
2019-07-18,16.662,2.25
2019-07-17,1.96,2.25
2019-07-16,3.007,2.25
2019-07-15,5.557,2.25
2019-07-12,5.15,2.25
2019-07-11,4.95,2.25
2019-07-10,6.252,2.25
2019-07-09,6.576,2.25
2019-07-08,6.5,2.25
2019-07-05,6.155,2.25
2019-07-03,6.849,2.25
2019-07-02,8.16,2.25
2019-07-01,15.837,2.25
2019-06-28,44.307,2.25
2019-06-27,16.794,2.25
2019-06-26,7.784,2.25
2019-06-25,6.4,2.25
2019-06-24,11.156,2.25
2019-06-21,21.355,2.25
2019-06-20,27.43,2.25
2019-06-19,22.357,2.25
2019-06-18,18.006,2.25
2019-06-17,2.269,2.25
2019-06-14,1.657,2.25
2019-06-13,1.655,2.25
2019-06-12,1.705,2.25
2019-06-11,1.007,2.25
2019-06-10,2.105,2.25
2019-06-07,1.91,2.25
2019-06-06,2.21,2.25
2019-06-05,2.255,2.25
2019-06-04,1.891,2.25
2019-06-03,1.255,2.25
2019-05-31,0.855,2.25
2019-05-30,1.026,2.25
2019-05-29,2.226,2.25
2019-05-28,1.52,2.25
2019-05-24,5.956,2.25
2019-05-23,4.93,2.25
2019-05-22,3.751,2.25
2019-05-21,3.705,2.25
2019-05-20,8.105,2.25
2019-05-17,9.7,2.25
2019-05-16,1.75,2.25
2019-05-15,0.46,2.25
2019-05-14,1.37,2.25
2019-05-13,0.111,2.25
2019-05-10,0.271,2.25
2019-05-09,0.516,2.25
2019-05-08,0.021,2.25
2019-05-07,0.961,2.25
2019-05-06,0.067,2.25
2019-05-03,0.01,2.25
2019-05-02,0.023,2.25
2019-05-01,0.027,2.25
2019-04-30,0.015,2.25
2019-04-29,0.615,2.25
2019-04-26,0.915,2.25
2019-04-25,0.61,2.25
2019-04-24,9.515,2.25
2019-04-23,5.69,2.25
2019-04-22,1.117,2.25
2019-04-17,0.015,2.25
2019-04-16,0.7,2.25
2019-04-15,0.018,2.25
2019-04-12,0.016,2.25
2019-04-11,0.122,2.25
2019-04-10,2.731,2.25
2019-04-09,0.41,2.25
2019-04-08,0.284,2.25
2019-04-05,0.015,2.25
2019-04-04,0.615,2.25
2019-04-03,0.016,2.25
2019-04-02,0.019,2.25
2019-04-01,0.011,2.25
2019-03-29,0.731,2.25
2019-03-28,0.515,2.25
2019-03-27,0.166,2.25
2019-03-26,0.566,2.25
2019-03-25,0.129,2.25
2019-03-22,5.016,2.25
2019-03-21,0.411,2.25
2019-03-20,0.617,2.25
2019-03-19,2.515,2.25
2019-03-18,3.169,2.25
2019-03-15,0.015,2.25
2019-03-14,0.019,2.25
2019-03-13,0.016,2.25
2019-03-12,0.027,2.25
2019-03-11,0.019,2.25
2019-03-08,0.015,2.25
2019-03-07,0.717,2.25
2019-03-06,2.115,2.25
2019-03-05,3.119,2.25
2019-03-04,2.917,2.25
2019-03-01,2.015,2.25
2019-02-28,3.415,2.25
2019-02-27,1.915,2.25
2019-02-26,1.815,2.25
2019-02-25,1.375,2.25
2019-02-22,6.665,2.25
2019-02-21,1.725,2.25
2019-02-20,2.275,2.25
2019-02-19,1.967,2.25
2019-02-15,5.271,2.25
2019-02-14,1.341,2.25
2019-02-13,1.697,2.25
2019-02-12,1.658,2.25
2019-02-11,2.006,2.25
2019-02-08,2.016,2.25
2019-02-07,2.32,2.25
2019-02-06,1.926,2.25
2019-02-05,1.686,2.25
2019-02-04,4.515,2.25
2019-02-01,0.665,2.25
2019-01-31,1.051,2.25
2019-01-30,0.99,2.25
2019-01-29,1.84,2.25
2019-01-28,1.265,2.25
2019-01-25,1.515,2.25
2019-01-24,15.06,2.25
2019-01-23,11.415,2.25
2019-01-22,10.465,2.25
2019-01-18,13.165,2.25
2019-01-17,2.065,2.25
2019-01-16,1.316,2.25
2019-01-15,2.016,2.25
2019-01-14,1.205,2.25
2019-01-11,2.016,2.25
2019-01-10,2.216,2.25
2019-01-09,2.537,2.25
2019-01-08,2.811,2.25
2019-01-07,2.786,2.25
2019-01-04,2.86,2.25
2019-01-03,7.198,2.25
2019-01-02,19.481,2.25
2018-12-31,41.848,2.25
2018-12-28,3.21,2.25
2018-12-27,3.1,2.25
2018-12-26,1.005,2.25
2018-12-24,7.96,2.25
2018-12-21,8.805,2.25
2018-12-20,9.521,2.25
2018-12-19,5.982,2
2018-12-18,6.216,2
2018-12-17,0.415,2
2018-12-14,0.315,2
2018-12-13,0.415,2
2018-12-12,0.461,2
2018-12-11,0.352,2
2018-12-10,1.424,2
2018-12-07,5.635,2
2018-12-06,3.36,2
2018-12-03,2.21,2
2018-11-30,2.49,2
2018-11-29,1.814,2
2018-11-28,1.464,2
2018-11-27,0.44,2
2018-11-26,0.615,2
2018-11-23,13.105,2
2018-11-21,16.205,2
2018-11-20,15.235,2
2018-11-19,16.295,2
2018-11-16,18.565,2
2018-11-15,0.494,2
2018-11-14,0.66,2
2018-11-13,1.065,2
2018-11-09,0.401,2
2018-11-08,1.166,2
2018-11-07,1.875,2
2018-11-06,2.54,2
2018-11-05,1.465,2
2018-11-02,1.51,2
2018-11-01,4.64,2
2018-10-31,4.815,2
2018-10-30,0.715,2
2018-10-29,1.748,2
2018-10-26,2.004,2
2018-10-25,1.944,2
2018-10-24,6.444,2
2018-10-23,4.466,2
2018-10-22,3.189,2
2018-10-19,3.916,2
2018-10-18,10.29,2
2018-10-17,0.174,2
2018-10-16,0.466,2
2018-10-15,0.366,2
2018-10-12,0.96,2
2018-10-11,2.016,2
2018-10-10,2.39,2
2018-10-09,2.39,2
2018-10-05,1.565,2
2018-10-04,3.265,2
2018-10-03,2.954,2
2018-10-02,3.295,2
2018-10-01,4.185,2
2018-09-28,48.43,2
2018-09-27,30.056,2
2018-09-26,5.625,1.75
2018-09-25,3.44,1.75
2018-09-24,9.34,1.75
2018-09-21,17.465,1.75
2018-09-20,17.868,1.75
2018-09-19,8.915,1.75
2018-09-18,10.115,1.75
2018-09-17,0.715,1.75
2018-09-14,1.315,1.75
2018-09-13,1.791,1.75
2018-09-12,1.315,1.75
2018-09-11,1.241,1.75
2018-09-10,0.015,1.75
2018-09-07,0.015,1.75
2018-09-06,0.815,1.75
2018-09-05,0.01,1.75
2018-09-04,0.595,1.75
2018-08-31,0.39,1.75
2018-08-30,0.985,1.75
2018-08-29,0.84,1.75
2018-08-28,1.415,1.75
2018-08-27,0.996,1.75
2018-08-24,4.665,1.75
2018-08-23,2.416,1.75
2018-08-22,1.126,1.75
2018-08-21,1.466,1.75
2018-08-20,1.646,1.75
2018-08-17,4.016,1.75
2018-08-16,0.532,1.75
2018-08-15,0.315,1.75
2018-08-14,0.685,1.75
2018-08-13,1.383,1.75
2018-08-10,2.47,1.75
2018-08-09,1.745,1.75
2018-08-08,1.659,1.75
2018-08-07,2.337,1.75
2018-08-06,2.095,1.75
2018-08-03,1.673,1.75
2018-08-02,1.817,1.75
2018-08-01,0.795,1.75
2018-07-31,9.045,1.75
2018-07-30,1.995,1.75
2018-07-27,1.47,1.75
2018-07-26,1.571,1.75
2018-07-25,0.72,1.75
2018-07-24,4.895,1.75
2018-07-23,2.27,1.75
2018-07-20,1.17,1.75
2018-07-19,3.62,1.75
2018-07-18,6.021,1.75
2018-07-17,1.22,1.75
2018-07-16,0.87,1.75
2018-07-13,0.871,1.75
2018-07-12,2.455,1.75
2018-07-11,1.23,1.75
2018-07-10,1.955,1.75
2018-07-09,3.596,1.75
2018-07-06,4.195,1.75
2018-07-05,8.205,1.75
2018-07-03,4.852,1.75
2018-07-02,32.139,1.75
2018-06-29,96.97,1.75
2018-06-28,20.419,1.75
2018-06-27,20.68,1.75
2018-06-26,10.385,1.75
2018-06-25,12.73,1.75
2018-06-22,1.43,1.75
2018-06-21,1.37,1.75
2018-06-20,0.32,1.75
2018-06-19,0.195,1.75
2018-06-18,0.37,1.75
2018-06-15,0.27,1.75
2018-06-14,2.935,1.75
2018-06-13,3.025,1.5
2018-06-12,1.308,1.5
2018-06-11,4.836,1.5
2018-06-08,2.771,1.5
2018-06-07,5.771,1.5
2018-06-06,16.772,1.5
2018-06-05,6.635,1.5
2018-06-04,11.166,1.5
2018-06-01,12.546,1.5
2018-05-31,21.475,1.5
2018-05-30,3.92,1.5
2018-05-29,0.88,1.5
2018-05-25,0.02,1.5
2018-05-24,6.62,1.5
2018-05-23,2.929,1.5
2018-05-22,3.951,1.5
2018-05-21,5.404,1.5
2018-05-18,9.12,1.5
2018-05-17,1.896,1.5
2018-05-16,2.545,1.5
2018-05-15,2.095,1.5
2018-05-14,3.859,1.5
2018-05-11,3.222,1.5
2018-05-10,4.645,1.5
2018-05-09,2.72,1.5
2018-05-08,3.921,1.5
2018-05-07,3.22,1.5
2018-05-04,5.415,1.5
2018-05-03,5.775,1.5
2018-05-02,6.52,1.5
2018-05-01,3.82,1.5
2018-04-30,13.83,1.5
2018-04-27,2.92,1.5
2018-04-26,3.795,1.5
2018-04-25,3.57,1.5
2018-04-24,9.532,1.5
2018-04-23,10.821,1.5
2018-04-20,12.02,1.5
2018-04-19,13.92,1.5
2018-04-18,14.021,1.5
2018-04-17,3.971,1.5
2018-04-16,3.372,1.5
2018-04-13,3.471,1.5
2018-04-12,4.12,1.5
2018-04-11,2.361,1.5
2018-04-10,3.99,1.5
2018-04-09,4.07,1.5
2018-04-06,4.895,1.5
2018-04-05,4.645,1.5
2018-04-04,4.57,1.5
2018-04-03,8.695,1.5
2018-04-02,3.823,1.5
2018-03-28,17.898,1.5
2018-03-27,9.62,1.5
2018-03-26,5.921,1.5
2018-03-23,10.45,1.5
2018-03-22,11.592,1.5
2018-03-21,20.586,1.25
2018-03-20,11.95,1.25
2018-03-19,7.82,1.25
2018-03-16,10.28,1.25
2018-03-15,3.746,1.25
2018-03-14,4.97,1.25
2018-03-13,2.145,1.25
2018-03-12,1.77,1.25
2018-03-09,3.247,1.25
2018-03-08,6.963,1.25
2018-03-07,14.295,1.25
2018-03-06,11.205,1.25
2018-03-05,15.23,1.25
2018-03-02,15.642,1.25
2018-03-01,14.334,1.25
2018-02-28,44.51,1.25
2018-02-27,19.729,1.25
2018-02-26,9.36,1.25
2018-02-23,15.875,1.25
2018-02-22,36.32,1.25
2018-02-21,45.171,1.25
2018-02-20,32.495,1.25
2018-02-16,29.615,1.25
2018-02-15,29.08,1.25
2018-02-14,38.518,1.25
2018-02-13,43.137,1.25
2018-02-12,30.631,1.25
2018-02-09,36.567,1.25
2018-02-08,33.272,1.25
2018-02-07,48.12,1.25
2018-02-06,49.214,1.25
2018-02-05,59.008,1.25
2018-02-02,43.931,1.25
2018-02-01,31.825,1.25
2018-01-31,65.797,1.25
2018-01-30,31.766,1.25
2018-01-29,23.98,1.25
2018-01-26,21.427,1.25
2018-01-25,19.891,1.25
2018-01-24,36.371,1.25
2018-01-23,31.791,1.25
2018-01-22,28.706,1.25
2018-01-19,22.196,1.25
2018-01-18,22.804,1.25
2018-01-17,20.548,1.25
2018-01-16,22.003,1.25
2018-01-12,21.59,1.25
2018-01-11,33.597,1.25
2018-01-10,57.954,1.25
2018-01-09,56.468,1.25
2018-01-08,63.531,1.25
2018-01-05,63.804,1.25
2018-01-04,76.624,1.25
2018-01-03,131.622,1.25
2018-01-02,136.967,1.25
2017-12-29,319.595,1.25
2017-12-28,158.478,1.25
2017-12-27,147.749,1.25
2017-12-26,119.456,1.25
2017-12-22,113.852,1.25
2017-12-21,116.978,1.25
2017-12-20,127.582,1.25
2017-12-19,112.628,1.25
2017-12-18,117.276,1.25
2017-12-15,80.206,1.25
2017-12-14,107.679,1.25
2017-12-13,143.392,1
2017-12-12,119.09,1
2017-12-11,107.473,1
2017-12-08,82.714,1
2017-12-07,63.552,1
2017-12-06,76.368,1
2017-12-05,68.297,1
2017-12-04,72.389,1
2017-12-01,59.03,1
2017-11-30,102.719,1
2017-11-29,67.019,1
2017-11-28,50.834,1
2017-11-27,39.381,1
2017-11-24,40.488,1
2017-11-22,51.634,1
2017-11-21,42.899,1
2017-11-20,34.576,1
2017-11-17,38.838,1
2017-11-16,20.709,1
2017-11-15,35.038,1
2017-11-14,32.219,1
2017-11-13,35.243,1
2017-11-10,39.671,1
2017-11-09,46.378,1
2017-11-08,74.546,1
2017-11-07,58.971,1
2017-11-06,70.365,1
2017-11-03,60.915,1
2017-11-02,58.758,1
2017-11-01,87.165,1
2017-10-31,173.605,1
2017-10-30,102.147,1
2017-10-27,105.903,1
2017-10-26,98.412,1
2017-10-25,112.057,1
2017-10-24,97.202,1
2017-10-23,110.26,1
2017-10-20,102.488,1
2017-10-19,102.612,1
2017-10-18,121.457,1
2017-10-17,91.188,1
2017-10-16,78.531,1
2017-10-13,99.961,1
2017-10-12,102.807,1
2017-10-11,129.805,1
2017-10-10,121.913,1
2017-10-06,119.529,1
2017-10-05,132.827,1
2017-10-04,178.738,1
2017-10-03,181.605,1
2017-10-02,190.377,1
2017-09-29,316.09,1
2017-09-28,208.936,1
2017-09-27,220.083,1
2017-09-26,173.715,1
2017-09-25,158.503,1
2017-09-22,157.33,1
2017-09-21,152.866,1
2017-09-20,168.025,1
2017-09-19,156.728,1
2017-09-18,138.909,1
2017-09-15,109.645,1
2017-09-14,97.564,1
2017-09-13,125.668,1
2017-09-12,127.019,1
2017-09-11,115.972,1
2017-09-08,113.842,1
2017-09-07,126.607,1
2017-09-06,145.128,1
2017-09-05,136.131,1
2017-09-01,124.952,1
2017-08-31,213.486,1
2017-08-30,146.086,1
2017-08-29,127.243,1
2017-08-28,121.947,1
2017-08-25,122.167,1
2017-08-24,130.879,1
2017-08-23,169.793,1
2017-08-22,166.094,1
2017-08-21,144.1,1
2017-08-18,129.105,1
2017-08-17,78.582,1
2017-08-16,92.84,1
2017-08-15,71.382,1
2017-08-14,74.682,1
2017-08-11,95.534,1
2017-08-10,90.273,1
2017-08-09,103.95,1
2017-08-08,103.612,1
2017-08-07,104.061,1
2017-08-04,93.778,1
2017-08-03,87.844,1
2017-08-02,119.334,1
2017-08-01,98.069,1
2017-07-31,204.622,1
2017-07-28,108.479,1
2017-07-27,95.636,1
2017-07-26,103.311,1
2017-07-25,74.54,1
2017-07-24,95.123,1
2017-07-21,122.712,1
2017-07-20,126.676,1
2017-07-19,144.731,1
2017-07-18,157.322,1
2017-07-17,122.436,1
2017-07-14,136.231,1
2017-07-13,162.379,1
2017-07-12,179.172,1
2017-07-11,173.774,1
2017-07-10,189.721,1
2017-07-07,189.214,1
2017-07-06,189.992,1
2017-07-05,240.029,1
2017-07-03,255.693,1
2017-06-30,398.875,1
2017-06-29,269.565,1
2017-06-28,263.699,1
2017-06-27,212.664,1
2017-06-26,185.227,1
2017-06-23,201.475,1
2017-06-22,195.144,1
2017-06-21,198.769,1
2017-06-20,192.347,1
2017-06-19,166.745,1
2017-06-16,158.566,1
2017-06-15,131.378,1
2017-06-14,163.056,0.75
2017-06-13,172.973,0.75
2017-06-12,152.198,0.75
2017-06-09,155.344,0.75
2017-06-08,151.582,0.75
2017-06-07,165.138,0.75
2017-06-06,160.949,0.75
2017-06-05,164.208,0.75
2017-06-02,170.496,0.75
2017-06-01,163.755,0.75
2017-05-31,256.176,0.75
2017-05-30,182.065,0.75
2017-05-26,168.041,0.75
2017-05-25,153.451,0.75
2017-05-24,184.946,0.75
2017-05-23,198.865,0.75
2017-05-22,185.031,0.75
2017-05-19,182.273,0.75
2017-05-18,185.287,0.75
2017-05-17,167.158,0.75
2017-05-16,157.693,0.75
2017-05-15,144.99,0.75
2017-05-12,167.696,0.75
2017-05-11,161.232,0.75
2017-05-10,187.269,0.75
2017-05-09,167.302,0.75
2017-05-08,162.58,0.75
2017-05-05,156.789,0.75
2017-05-04,152.793,0.75
2017-05-03,186.667,0.75
2017-05-02,183.851,0.75
2017-05-01,162.198,0.75
2017-04-28,181.976,0.75
2017-04-27,127.826,0.75
2017-04-26,122.323,0.75
2017-04-25,116.956,0.75
2017-04-24,118.667,0.75
2017-04-21,136.521,0.75
2017-04-20,128.726,0.75
2017-04-19,116.567,0.75
2017-04-18,109.402,0.75
2017-04-17,64.37,0.75
2017-04-12,105.528,0.75
2017-04-11,114.753,0.75
2017-04-10,120.504,0.75
2017-04-07,117.774,0.75
2017-04-06,117.337,0.75
2017-04-05,174.644,0.75
2017-04-04,207.711,0.75
2017-04-03,233.582,0.75
2017-03-31,346.853,0.75
2017-03-30,224.134,0.75
2017-03-29,260.357,0.75
2017-03-28,224.475,0.75
2017-03-27,215.473,0.75
2017-03-24,200.237,0.75
2017-03-23,231.463,0.75
2017-03-22,251.013,0.75
2017-03-21,237.331,0.75
2017-03-20,235.827,0.75
2017-03-17,240.669,0.75
2017-03-16,209.114,0.75
2017-03-15,226.51,0.5
2017-03-14,200.798,0.5
2017-03-13,232.962,0.5
2017-03-10,233.046,0.5
2017-03-09,217.831,0.5
2017-03-08,212.124,0.5
2017-03-07,208.765,0.5
2017-03-06,205.21,0.5
2017-03-03,193.272,0.5
2017-03-02,168.142,0.5
2017-03-01,156.01,0.5
2017-02-28,204.651,0.5
2017-02-27,153.382,0.5
2017-02-24,160.882,0.5
2017-02-23,187.176,0.5
2017-02-22,177.833,0.5
2017-02-21,163.259,0.5
2017-02-17,147.243,0.5
2017-02-16,104.978,0.5
2017-02-15,105.123,0.5
2017-02-14,87.998,0.5
2017-02-13,98.103,0.5
2017-02-10,74.169,0.5
2017-02-09,83.894,0.5
2017-02-08,122.934,0.5
2017-02-07,131.659,0.5
2017-02-06,125.66,0.5
2017-02-03,117.361,0.5
2017-02-02,111.12,0.5
2017-02-01,133.73,0.5
2017-01-31,180.162,0.5
2017-01-30,101.514,0.5
2017-01-27,108.772,0.5
2017-01-26,94.67,0.5
2017-01-25,108.36,0.5
2017-01-24,110.193,0.5
2017-01-23,156.316,0.5
2017-01-20,148.785,0.5
2017-01-19,138.637,0.5
2017-01-18,130.118,0.5
2017-01-17,96.798,0.5
2017-01-13,88.201,0.5
2017-01-12,141.218,0.5
2017-01-11,158.82,0.5
2017-01-10,180.715,0.5
2017-01-09,191.97,0.5
2017-01-06,209.205,0.5
2017-01-05,233.43,0.5
2017-01-04,266.468,0.5
2017-01-03,287.236,0.5
2016-12-30,468.355,0.5
2016-12-29,346.472,0.5
2016-12-28,323.912,0.5
2016-12-27,294.061,0.5
2016-12-23,280.643,0.5
2016-12-22,312.338,0.5
2016-12-21,307.477,0.5
2016-12-20,277.354,0.5
2016-12-19,237.525,0.5
2016-12-16,213.706,0.5
2016-12-15,199.654,0.5
2016-12-14,169.563,0.25
2016-12-13,238.46,0.25
2016-12-12,189.33,0.25
2016-12-09,185.799,0.25
2016-12-08,186.313,0.25
2016-12-07,185.812,0.25
2016-12-06,185.55,0.25
2016-12-05,168.369,0.25
2016-12-02,167.881,0.25
2016-12-01,159.215,0.25
2016-11-30,208.524,0.25
2016-11-29,138.401,0.25
2016-11-28,146.903,0.25
2016-11-25,121.165,0.25
2016-11-23,119.371,0.25
2016-11-22,128.222,0.25
2016-11-21,135.387,0.25
2016-11-18,116.091,0.25
2016-11-17,92.397,0.25
2016-11-16,116.044,0.25
2016-11-15,102.247,0.25
2016-11-14,81.448,0.25
2016-11-10,99.936,0.25
2016-11-09,130.993,0.25
2016-11-08,127.33,0.25
2016-11-07,128.671,0.25
2016-11-04,136.483,0.25
2016-11-03,148.543,0.25
2016-11-02,176.232,0.25
2016-11-01,171.89,0.25
2016-10-31,214.798,0.25
2016-10-28,129.983,0.25
2016-10-27,135.113,0.25
2016-10-26,142.065,0.25
2016-10-25,132.403,0.25
2016-10-24,142.574,0.25
2016-10-21,181.285,0.25
2016-10-20,172.312,0.25
2016-10-19,191.81,0.25
2016-10-18,174.966,0.25
2016-10-17,124.407,0.25
2016-10-14,133.359,0.25
2016-10-13,180.971,0.25
2016-10-12,188.671,0.25
2016-10-11,201.546,0.25
2016-10-07,226.065,0.25
2016-10-06,237.619,0.25
2016-10-05,297.964,0.25
2016-10-04,306.041,0.25
2016-10-03,320.889,0.25
2016-09-30,412.523,0.25
2016-09-29,271.847,0.25
2016-09-28,272.277,0.25
2016-09-27,239.7,0.25
2016-09-26,200.068,0.25
2016-09-23,174.726,0.25
2016-09-22,194.053,0.25
2016-09-21,176.835,0.25
2016-09-20,156.685,0.25
2016-09-19,125.636,0.25
2016-09-16,100.761,0.25
2016-09-15,55.994,0.25
2016-09-14,64.485,0.25
2016-09-13,83.109,0.25
2016-09-12,86.056,0.25
2016-09-09,78.784,0.25
2016-09-08,60.729,0.25
2016-09-07,79.08,0.25
2016-09-06,92.733,0.25
2016-09-02,96.194,0.25
2016-09-01,90.607,0.25
2016-08-31,171.368,0.25
2016-08-30,101.422,0.25
2016-08-29,79.731,0.25
2016-08-26,76.532,0.25
2016-08-25,72.817,0.25
2016-08-24,95.35,0.25
2016-08-23,121.654,0.25
2016-08-22,116.124,0.25
2016-08-19,101.468,0.25
2016-08-18,95.089,0.25
2016-08-17,81.337,0.25
2016-08-16,76.397,0.25
2016-08-15,56.95,0.25
2016-08-12,37.278,0.25
2016-08-11,80.145,0.25
2016-08-10,80.174,0.25
2016-08-09,66.881,0.25
2016-08-08,60.625,0.25
2016-08-05,56.235,0.25
2016-08-04,50.263,0.25
2016-08-03,68.075,0.25
2016-08-02,80.535,0.25
2016-08-01,72.911,0.25
2016-07-29,110.518,0.25
2016-07-28,45.194,0.25
2016-07-27,67.687,0.25
2016-07-26,69.799,0.25
2016-07-25,49.132,0.25
2016-07-22,44.897,0.25
2016-07-21,70.517,0.25
2016-07-20,79.368,0.25
2016-07-19,82.273,0.25
2016-07-18,80.813,0.25
2016-07-15,41.162,0.25
2016-07-14,30.358,0.25
2016-07-13,48.357,0.25
2016-07-12,62.64,0.25
2016-07-11,61.876,0.25
2016-07-08,67.516,0.25
2016-07-07,76.407,0.25
2016-07-06,83.401,0.25
2016-07-05,111.242,0.25
2016-07-01,113.428,0.25
2016-06-30,278.809,0.25
2016-06-29,143.206,0.25
2016-06-28,129.102,0.25
2016-06-27,116.639,0.25
2016-06-24,87.498,0.25
2016-06-23,91.509,0.25
2016-06-22,90.386,0.25
2016-06-21,86.546,0.25
2016-06-20,67.757,0.25
2016-06-17,58.606,0.25
2016-06-16,35.1,0.25
2016-06-15,28.313,0.25
2016-06-14,34.936,0.25
2016-06-13,46.016,0.25
2016-06-10,40.5,0.25
2016-06-09,41.435,0.25
2016-06-08,41.445,0.25
2016-06-07,49.906,0.25
2016-06-06,53.352,0.25
2016-06-03,58.183,0.25
2016-06-02,62.973,0.25
2016-06-01,61.186,0.25
2016-05-31,102.627,0.25
2016-05-27,40.472,0.25
2016-05-26,58.671,0.25
2016-05-25,65.797,0.25
2016-05-24,57.676,0.25
2016-05-23,78.109,0.25
2016-05-20,60.342,0.25
2016-05-19,63.293,0.25
2016-05-18,63.92,0.25
2016-05-17,21.115,0.25
2016-05-16,20.123,0.25
2016-05-13,17.088,0.25
2016-05-12,34.843,0.25
2016-05-11,31.533,0.25
2016-05-10,31.035,0.25
2016-05-09,23.238,0.25
2016-05-06,28.294,0.25
2016-05-05,30.222,0.25
2016-05-04,35.592,0.25
2016-05-03,38.536,0.25
2016-05-02,38.947,0.25
2016-04-29,65.558,0.25
2016-04-28,25.526,0.25
2016-04-27,31.432,0.25
2016-04-26,29.563,0.25
2016-04-25,24.148,0.25
2016-04-22,19.084,0.25
2016-04-21,36.555,0.25
2016-04-20,31.971,0.25
2016-04-19,40.049,0.25
2016-04-18,38.607,0.25
2016-04-15,23.479,0.25
2016-04-14,18.241,0.25
2016-04-13,16.61,0.25
2016-04-12,18.711,0.25
2016-04-11,22.151,0.25
2016-04-08,21.618,0.25
2016-04-07,34.065,0.25
2016-04-06,27.455,0.25
2016-04-05,44.369,0.25
2016-04-04,65.692,0.25
2016-04-01,89.118,0.25
2016-03-31,303.849,0.25
2016-03-30,127.119,0.25
2016-03-29,104.77,0.25
2016-03-28,65.481,0.25
2016-03-23,70.075,0.25
2016-03-22,68.284,0.25
2016-03-21,55.751,0.25
2016-03-18,67.622,0.25
2016-03-17,34.869,0.25
2016-03-16,48.389,0.25
2016-03-15,38.299,0.25
2016-03-14,40.518,0.25
2016-03-11,39.73,0.25
2016-03-10,35.428,0.25
2016-03-09,47.346,0.25
2016-03-08,49.332,0.25
2016-03-07,53.724,0.25
2016-03-04,51.368,0.25
2016-03-03,50.384,0.25
2016-03-02,44.546,0.25
2016-03-01,38.763,0.25
2016-02-29,94.123,0.25
2016-02-26,56.919,0.25
2016-02-25,43.818,0.25
2016-02-24,41.065,0.25
2016-02-23,64.808,0.25
2016-02-22,54.405,0.25
2016-02-19,59.088,0.25
2016-02-18,71.581,0.25
2016-02-17,52.098,0.25
2016-02-16,34.728,0.25
2016-02-12,35.233,0.25
2016-02-11,44.482,0.25
2016-02-10,47.974,0.25
2016-02-09,44.123,0.25
2016-02-08,39.132,0.25
2016-02-05,50.888,0.25
2016-02-04,55.893,0.25
2016-02-03,62.461,0.25
2016-02-02,80.127,0.25
2016-02-01,76.79,0.25
2016-01-29,114.573,0.25
2016-01-28,63.251,0.25
2016-01-27,89.304,0.25
2016-01-26,83.819,0.25
2016-01-25,80.17,0.25
2016-01-22,60.316,0.25
2016-01-21,90.44,0.25
2016-01-20,106.627,0.25
2016-01-19,90.221,0.25
2016-01-15,90.534,0.25
2016-01-14,78.422,0.25
2016-01-13,84.416,0.25
2016-01-12,86.191,0.25
2016-01-11,97.39,0.25
2016-01-08,99.971,0.25
2016-01-07,116.843,0.25
2016-01-06,126.584,0.25
2016-01-05,169.615,0.25
2016-01-04,199.67,0.25
2015-12-31,474.591,0.25
2015-12-30,277.446,0.25
2015-12-29,222.513,0.25
2015-12-28,177.196,0.25
2015-12-24,161.879,0.25
2015-12-23,178.331,0.25
2015-12-22,185.35,0.25
2015-12-21,160.606,0.25
2015-12-18,143.223,0.25
2015-12-17,105.185,0.25
2015-12-16,102.004,0.05
2015-12-15,95.404,0.05
2015-12-14,86.38,0.05
2015-12-11,89.317,0.05
2015-12-10,86.714,0.05
2015-12-09,87.963,0.05
2015-12-08,75.817,0.05
2015-12-07,77.805,0.05
2015-12-04,69.292,0.05
2015-12-03,74.766,0.05
2015-12-02,84.184,0.05
2015-12-01,88.983,0.05
2015-11-30,139.594,0.05
2015-11-27,81.785,0.05
2015-11-25,100.152,0.05
2015-11-24,95.918,0.05
2015-11-23,147.598,0.05
2015-11-20,122.99,0.05
2015-11-19,120.822,0.05
2015-11-18,121.961,0.05
2015-11-17,86.157,0.05
2015-11-16,67.873,0.05
2015-11-13,60.117,0.05
2015-11-12,73.228,0.05
2015-11-10,83.13,0.05
2015-11-09,80.894,0.05
2015-11-06,70.435,0.05
2015-11-05,87.664,0.05
2015-11-04,107.406,0.05
2015-11-03,117.622,0.05
2015-11-02,132.234,0.05
2015-10-30,225.326,0.05
2015-10-29,172.839,0.05
2015-10-28,155.316,0.05
2015-10-27,150.968,0.05
2015-10-26,134.597,0.05
2015-10-23,125.635,0.05
2015-10-22,152.87,0.05
2015-10-21,151.082,0.05
2015-10-20,146.257,0.05
2015-10-19,136.36,0.05
2015-10-16,123.637,0.05
2015-10-15,100.247,0.05
2015-10-14,90.184,0.05
2015-10-13,105.728,0.05
2015-10-09,109.367,0.05
2015-10-08,121.144,0.05
2015-10-07,115.434,0.05
2015-10-06,130.247,0.05
2015-10-05,156.558,0.05
2015-10-02,173.162,0.05
2015-10-01,75.143,0.05
2015-09-30,199.614,0.05
2015-09-29,122.86,0.05
2015-09-28,101.855,0.05
2015-09-25,63.966,0.05
2015-09-24,45.671,0.05
2015-09-23,144.297,0.05
2015-09-22,139.476,0.05
2015-09-21,134.575,0.05
2015-09-18,131.757,0.05
2015-09-17,106.254,0.05
2015-09-16,82.181,0.05
2015-09-15,73.117,0.05
2015-09-14,72.809,0.05
2015-09-11,70.782,0.05
2015-09-10,66.083,0.05
2015-09-09,68.129,0.05
2015-09-08,66.694,0.05
2015-09-04,64.428,0.05
2015-09-03,67.183,0.05
2015-09-02,70.33,0.05
2015-09-01,84.778,0.05
2015-08-31,149.694,0.05
2015-08-28,73.547,0.05
2015-08-27,71.312,0.05
2015-08-26,68.719,0.05
2015-08-25,73.165,0.05
2015-08-24,73.813,0.05
2015-08-21,92.353,0.05
2015-08-20,93.262,0.05
2015-08-19,84.36,0.05
2015-08-18,88.144,0.05
2015-08-17,66.54,0.05
2015-08-14,64.557,0.05
2015-08-13,77.057,0.05
2015-08-12,64.411,0.05
2015-08-11,78.367,0.05
2015-08-10,81.806,0.05
2015-08-07,84.994,0.05
2015-08-06,93.508,0.05
2015-08-05,86.869,0.05
2015-08-04,88.841,0.05
2015-08-03,95.005,0.05
2015-07-31,131.978,0.05
2015-07-30,87.405,0.05
2015-07-29,86.429,0.05
2015-07-28,81.882,0.05
2015-07-27,85.122,0.05
2015-07-24,79.416,0.05
2015-07-23,112.052,0.05
2015-07-22,112.695,0.05
2015-07-21,110.141,0.05
2015-07-20,126.57,0.05
2015-07-17,116.519,0.05
2015-07-16,104.58,0.05
2015-07-15,103.217,0.05
2015-07-14,106.218,0.05
2015-07-13,115.323,0.05
2015-07-10,119.629,0.05
2015-07-09,129.671,0.05
2015-07-08,145.47,0.05
2015-07-07,159.651,0.05
2015-07-06,169.851,0.05
2015-07-02,176.063,0.05
2015-07-01,93.411,0.05
2015-06-30,192.602,0.05
2015-06-29,45.063,0.05
2015-06-26,86.539,0.05
2015-06-25,64.918,0.05
2015-06-24,136.642,0.05
2015-06-23,181.548,0.05
2015-06-22,171.906,0.05
2015-06-19,158.541,0.05
2015-06-18,151.135,0.05
2015-06-17,110.708,0.05
2015-06-16,113.979,0.05
2015-06-15,104.635,0.05
2015-06-12,81.745,0.05
2015-06-11,90.833,0.05
2015-06-10,80.453,0.05
2015-06-09,76.043,0.05
2015-06-08,83.323,0.05
2015-06-05,83.637,0.05
2015-06-04,96.429,0.05
2015-06-03,95.389,0.05
2015-06-02,105.031,0.05
2015-06-01,115.206,0.05
2015-05-29,160.201,0.05
2015-05-28,135.3,0.05
2015-05-27,128.828,0.05
2015-05-26,111.048,0.05
2015-05-22,105.844,0.05
2015-05-21,141.963,0.05
2015-05-20,154.345,0.05
2015-05-19,131.9,0.05
2015-05-18,135.397,0.05
2015-05-15,76.249,0.05
2015-05-14,61.513,0.05
2015-05-13,92.129,0.05
2015-05-12,81.378,0.05
2015-05-11,87.331,0.05
2015-05-08,91.484,0.05
2015-05-07,94.505,0.05
2015-05-06,84.722,0.05
2015-05-05,93.162,0.05
2015-05-04,92.311,0.05
2015-05-01,86.212,0.05
2015-04-30,130.464,0.05
2015-04-29,92.224,0.05
2015-04-28,87.169,0.05
2015-04-27,82.79,0.05
2015-04-24,73.512,0.05
2015-04-23,113.993,0.05
2015-04-22,114.148,0.05
2015-04-21,114.8,0.05
2015-04-20,111.416,0.05
2015-04-17,103.383,0.05
2015-04-16,78.293,0.05
2015-04-15,69.829,0.05
2015-04-14,75.874,0.05
2015-04-13,89.878,0.05
2015-04-10,90.933,0.05
2015-04-09,87.069,0.05
2015-04-08,96.443,0.05
2015-04-07,125.88,0.05
2015-04-06,119.369,0.05
2015-04-01,31.623,0.05
2015-03-31,202.235,0.05
2015-03-30,29.522,0.05
2015-03-27,69.638,0.05
2015-03-26,80.866,0.05
2015-03-25,65.389,0.05
2015-03-24,60.115,0.05
2015-03-23,99.572,0.05
2015-03-20,91.207,0.05
2015-03-19,83.108,0.05
2015-03-18,151.424,0.05
2015-03-17,106.3,0.05
2015-03-16,112.056,0.05
2015-03-13,98.042,0.05
2015-03-12,132.708,0.05
2015-03-11,84.389,0.05
2015-03-10,84.535,0.05
2015-03-09,85.648,0.05
2015-03-06,80.862,0.05
2015-03-05,73.924,0.05
2015-03-04,95.1,0.05
2015-03-03,110.872,0.05
2015-03-02,118.208,0.05
2015-02-27,155.001,0.05
2015-02-26,130.583,0.05
2015-02-25,149.75,0.05
2015-02-24,124.802,0.05
2015-02-23,152.311,0.05
2015-02-20,157.518,0.05
2015-02-19,133.105,0.05
2015-02-18,157.273,0.05
2015-02-17,111.325,0.05
2015-02-13,92.532,0.05
2015-02-12,113.479,0.05
2015-02-11,126.752,0.05
2015-02-10,122.277,0.05
2015-02-09,118.986,0.05
2015-02-06,121.983,0.05
2015-02-05,124.667,0.05
2015-02-04,145.65,0.05
2015-02-03,142.006,0.05
2015-02-02,132.913,0.05
2015-01-30,190.842,0.05
2015-01-29,148.784,0.05
2015-01-28,163.553,0.05
2015-01-27,136.677,0.05
2015-01-26,132.698,0.05
2015-01-23,129.836,0.05
2015-01-22,168.182,0.05
2015-01-21,167.769,0.05
2015-01-20,147.499,0.05
2015-01-16,135.836,0.05
2015-01-15,96.517,0.05
2015-01-14,95.4,0.05
2015-01-13,107.316,0.05
2015-01-12,118.125,0.05
2015-01-09,116.195,0.05
2015-01-08,124.293,0.05
2015-01-07,143.749,0.05
2015-01-06,149.885,0.05
2015-01-05,164.177,0.05
2015-01-02,42.186,0.05
2014-12-31,171.12,0.05
2014-12-30,39.621,0.05
2014-12-29,29.172,0.05
2014-12-26,41.492,0.05
2014-12-24,53.237,0.05
2014-12-23,55.574,0.05
2014-12-22,59.159,0.05
2014-12-19,66.423,0.05
2014-12-18,59.473,0.05
2014-12-17,31.783,0.05
2014-12-16,40.717,0.05
2014-12-15,34.587,0.05
2014-12-12,86.425,0.1
2014-12-11,99.829,0.1
2014-12-10,105.322,0.1
2014-12-09,94.442,0.1
2014-12-08,104.199,0.1
2014-12-05,145.545,0.1
2014-12-04,142.641,0.1
2014-12-03,166.328,0.1
2014-12-02,153.531,0.1
2014-12-01,154.58,0.1
2014-11-28,173.91,0.07
2014-11-26,148.284,0.07
2014-11-25,146.679,0.07
2014-11-24,133.559,0.07
2014-11-21,162.469,0.07
2014-11-20,163.034,0.07
2014-11-19,167.377,0.07
2014-11-18,158.321,0.07
2014-11-17,115.555,0.07
2014-11-14,99.376,0.03
2014-11-13,110.881,0.03
2014-11-12,111.681,0.03
2014-11-10,100.452,0.03
2014-11-07,106.216,0.03
2014-11-06,110.247,0.03
2014-11-05,122.9,0.03
2014-11-04,124.919,0.03
2014-11-03,122.566,0.03
2014-10-31,186.282,0.05
2014-10-30,142.244,0.05
2014-10-29,134.69,0.05
2014-10-28,118.038,0.05
2014-10-27,116.857,0.05
2014-10-24,103.501,0.05
2014-10-23,137.137,0.05
2014-10-22,135.424,0.05
2014-10-21,124.658,0.05
2014-10-20,137.408,0.05
2014-10-17,122.148,0.05
2014-10-16,115.559,0.05
2014-10-15,121.915,0.05
2014-10-14,151.111,0.05
2014-10-10,161.647,0.05
2014-10-09,167.77,0.05
2014-10-08,182.531,0.05
2014-10-07,184.514,0.05
2014-10-06,185.508,0.05
2014-10-03,184.682,0.05
2014-10-02,179.039,0.05
2014-10-01,212.481,0.05
2014-09-30,300,0
2014-09-29,194.566,0.05
2014-09-26,172.96,0.05
2014-09-25,158.09,0.05
2014-09-24,162.317,0.05
2014-09-23,174.426,0.05
2014-09-22,178.327,0.05
2014-09-19,169.519,0.05
2014-09-18,168.148,0.05
2014-09-17,156.936,0.05
2014-09-16,147.752,0.05
2014-09-15,135.916,0.05
2014-09-12,148.338,0.05
2014-09-11,167.4,0.05
2014-09-10,160.299,0.05
2014-09-09,168.607,0.05
2014-09-08,180.493,0.05
2014-09-05,160.186,0.05
2014-09-04,160.534,0.05
2014-09-03,151.016,0.05
2014-09-02,143.468,0.05
2014-08-29,172.59,0.05
2014-08-28,157.845,0.05
2014-08-27,179.845,0.05
2014-08-26,156.973,0.05
2014-08-25,152.159,0.05
2014-08-22,130.543,0.05
2014-08-21,145.418,0.05
2014-08-20,150.444,0.05
2014-08-19,143.128,0.05
2014-08-18,135.842,0.05
2014-08-15,116.783,0.05
2014-08-14,121.978,0.05
2014-08-13,135.622,0.05
2014-08-12,130.713,0.05
2014-08-11,128.408,0.05
2014-08-08,127.846,0.05
2014-08-07,128.981,0.05
2014-08-06,123.782,0.05
2014-08-05,118.152,0.05
2014-08-04,114.198,0.05
2014-08-01,101.035,0.05
2014-07-31,156.374,0.05
2014-07-30,115.757,0.05
2014-07-29,118.021,0.05
2014-07-28,103.848,0.05
2014-07-25,90.379,0.05
2014-07-24,87.923,0.05
2014-07-23,136.74,0.05
2014-07-22,127.244,0.05
2014-07-21,113.836,0.05
2014-07-18,113.503,0.05
2014-07-17,94.361,0.05
2014-07-16,105.841,0.05
2014-07-15,96.922,0.05
2014-07-14,108.675,0.05
2014-07-11,113.623,0.05
2014-07-10,125.926,0.05
2014-07-09,144.921,0.05
2014-07-08,136.387,0.05
2014-07-07,143.02,0.05
2014-07-03,136.039,0.05
2014-07-02,148.492,0.05
2014-07-01,150.572,0.05
2014-06-30,339.481,0.05
2014-06-27,140.898,0.05
2014-06-26,137.105,0.05
2014-06-25,119.673,0.05
2014-06-24,107.244,0.05
2014-06-23,120.333,0.05
2014-06-20,109.656,0.05
2014-06-19,95.938,0.05
2014-06-18,88.388,0.05
2014-06-17,53.362,0.05
2014-06-16,53.376,0.05
2014-06-13,67.629,0.05
2014-06-12,104.237,0.05
2014-06-11,110.875,0.05
2014-06-10,106.527,0.05
2014-06-09,105.036,0.05
2014-06-06,101.903,0.05
2014-06-05,103.755,0.05
2014-06-04,127.401,0.05
2014-06-03,130.952,0.05
2014-06-02,129.721,0.05
2014-05-30,164.726,0.05
2014-05-29,155.686,0.05
2014-05-28,171.269,0.05
2014-05-27,185.923,0.05
2014-05-23,182.124,0.05
2014-05-22,209.095,0.05
2014-05-21,220.722,0.05
2014-05-20,212.512,0.05
2014-05-19,201.974,0.05
2014-05-16,203.54,0.05
2014-05-15,192.416,0.05
2014-05-14,183.187,0.05
2014-05-13,204.839,0.05
2014-05-12,188.963,0.05
2014-05-09,186.455,0.05
2014-05-08,192.03,0.05
2014-05-07,193.706,0.05
2014-05-06,198.721,0.05
2014-05-05,199.895,0.05
2014-05-02,185.246,0.05
2014-05-01,175.868,0.05
2014-04-30,208.222,0.05
2014-04-29,183.327,0.05
2014-04-28,180.822,0.05
2014-04-25,166.168,0.05
2014-04-24,153.847,0.05
2014-04-23,147.951,0.05
2014-04-22,159.202,0.05
2014-04-21,129.837,0.05
2014-04-16,71.744,0.05
2014-04-15,64.907,0.05
2014-04-14,75.823,0.05
2014-04-11,80.874,0.05
2014-04-10,93.958,0.05
2014-04-09,89.023,0.05
2014-04-08,94.435,0.05
2014-04-07,94.739,0.05
2014-04-04,95.244,0.05
2014-04-03,96.38,0.05
2014-04-02,106.045,0.05
2014-04-01,113.017,0.05
2014-03-31,242.069,0.05
2014-03-28,128.162,0.05
2014-03-27,112.832,0.05
2014-03-26,101.944,0.05
2014-03-25,94.432,0.05
2014-03-24,79.629,0.05
2014-03-21,96.847,0.05
2014-03-20,80.564,0.05
2014-03-19,76.145,0.05
2014-03-18,78.606,0.05
2014-03-17,48.592,0.05
2014-03-14,54.253,0.05
2014-03-13,70.357,0.05
2014-03-12,66.2,0.05
2014-03-11,72.275,0.05
2014-03-10,71.89,0.05
2014-03-07,57.908,0.05
2014-03-06,55.489,0.05
2014-03-05,76.183,0.05
2014-03-04,66.129,0.05
2014-03-03,80.225,0.05
2014-02-28,114.479,0.05
2014-02-27,120.886,0.05
2014-02-26,130.111,0.05
2014-02-25,103.735,0.04
2014-02-24,96.142,0.04
2014-02-21,104.045,0.04
2014-02-20,84.254,0.04
2014-02-19,83.299,0.04
2014-02-18,70.834,0.04
2014-02-14,87.715,0.03
2014-02-13,101.186,0.03
2014-02-12,94.026,0.03
2014-02-11,98.871,0.03
2014-02-10,112.214,0.03
2014-02-07,101.109,0.03
2014-02-06,101.917,0.03
2014-02-05,100.382,0.03
2014-02-04,105.798,0.03
2014-02-03,69.923,0.03
2014-01-31,102.139,0.03
2014-01-30,98.32,0.03
2014-01-29,94.276,0.03
2014-01-28,94.53,0.03
2014-01-27,85.68,0.03
2014-01-24,72.495,0.03
2014-01-23,84.917,0.03
2014-01-22,93.711,0.03
2014-01-21,82.42,0.03
2014-01-17,73.016,0.03
2014-01-16,67.829,0.03
2014-01-15,46.752,0.03
2014-01-14,54.16,0.03
2014-01-13,60.47,0.03
2014-01-10,49.565,0.03
2014-01-09,51.2,0.03
2014-01-08,43.545,0.03
2014-01-07,60.261,0.03
2014-01-06,77.265,0.03
2014-01-03,56.682,0.03
2014-01-02,83.725,0.03
2013-12-31,197.755,0.03
2013-12-30,102.573,0.03
2013-12-27,94.995,0.03
2013-12-26,46.97,0.03
2013-12-24,42.245,0.03
2013-12-23,28.761,0.03
2013-12-20,26.525,0.05
2013-12-19,15.391,0.05
2013-12-18,11.105,0.05
2013-12-17,14.07,0.05
2013-12-16,6.146,0.05
2013-12-13,17.515,0.05
2013-12-12,26.12,0.05
2013-12-11,34.461,0.05
2013-12-10,14.22,0.05
2013-12-09,10.845,0.05
2013-12-06,7.42,0.05
2013-12-05,5.696,0.05
2013-12-04,11.095,0.05
2013-12-03,7.12,0.05
2013-12-02,8.02,0.05
2013-11-29,22.018,0.05
2013-11-27,5.721,0.05
2013-11-26,3.95,0.05
2013-11-25,3.37,0.05
2013-11-22,3.345,0.05
2013-11-21,5.571,0.05
2013-11-20,6.121,0.05
2013-11-19,5.07,0.05
2013-11-18,2.32,0.04
2013-11-15,0.345,0.04
2013-11-14,1.341,0.04
2013-11-13,3.97,0.04
2013-11-12,4.4,0.04
2013-11-08,1.48,0.03
2013-11-07,1.075,0.03
2013-11-06,6.715,0.03
2013-11-05,2.425,0.03
2013-11-04,4.088,0.03
2013-11-01,4.65,0.02
2013-10-31,13.89,0.02
2013-10-30,5.456,0.02
2013-10-29,1.872,0.02
2013-10-28,2.148,0.02
2013-10-25,3.283,0.02
2013-10-24,4.949,0.02
2013-10-23,15.74,0.02
2013-10-22,8.37,0.02
2013-10-21,4.876,0.02
2013-10-18,4.221,0.01
2013-10-17,3.122,0.01
2013-10-16,2.97,0.01
2013-10-15,2.096,0.01
2013-10-11,1.421,0.01
2013-10-10,1.997,0.01
2013-10-09,0.425,0.01
2013-10-08,0.725,0.01
2013-10-07,0.755,0.01
2013-10-04,1.381,0.01
2013-10-03,2.256,0.01
2013-10-02,2.702,0.01
2013-10-01,4.507,0.01
2013-09-30,58.157,0.01
2013-09-27,16.622,0.01
2013-09-26,9.403,0.01
2013-09-25,6.244,0.01
2013-09-24,12.711,0.01
2013-09-23,11.809,0.01
2013-08-20,5,
2013-08-19,5,
2013-08-14,1.21,
2013-08-13,2.32,
2013-08-07,2.26,
2013-04-04,1.19,
2013-04-02,0.12,
2012-11-29,1.18,
2012-09-06,0.06,
2012-03-06,0.99,
2012-02-29,0.1,
2011-08-17,0.624,
2011-08-15,0.02,
2011-06-14,0.749,
2011-06-08,0.28,
2011-03-29,0.77,
2011-03-24,0.31,
2010-08-11,0.18,
2009-12-10,0.225,
2009-12-09,0.225,
2009-12-03,0.18,
2008-12-16,25,
2008-12-15,25,
2008-12-12,25,
2008-12-11,25,
2008-12-10,25,
2008-12-09,25,
2008-12-08,25,
2008-12-05,25,
2008-12-04,25,
2008-12-03,25,
2008-12-02,25,
2008-12-01,25,
2008-11-28,25,
2008-11-26,25,
2008-11-25,25,
2008-11-24,25,
2008-11-21,25,
2008-11-20,25,
2008-11-19,25,
2008-11-18,20,
2008-11-17,25,
2008-11-14,25,
2008-11-13,25,
2008-11-12,25,
2008-11-10,15,
2008-11-07,25,
2008-11-06,25,
2008-11-05,25,
2008-11-04,25,
2008-11-03,25,
2008-10-31,25,
2008-10-30,25,
2008-10-29,25,
2008-10-28,25,
2008-10-27,25,
2008-10-24,25,
2008-10-23,25,
2008-10-22,25,
2008-10-21,25,
2008-10-20,25,
2008-10-17,25,
2008-10-16,25,
2008-10-15,25,
2008-10-14,25,
2008-10-06,25,
2008-10-03,25,
2008-10-02,25,
2008-10-01,20,
2008-09-26,6,
2008-09-26,20,
2008-09-25,2,
2008-09-25,20,
2008-09-24,25,
2008-04-02,3.75,
2008-03-31,5,
2008-03-28,6,
2008-03-19,7.25,
2007-05-10,1.5,
2007-05-02,5.75,
2007-04-27,6.5,
2007-04-26,5.25,
