Date,USDEUR
2006-11-01,0.7830
2006-11-02,0.7825
2006-11-03,0.7871
2006-11-06,0.7865
2006-11-07,0.7809
2006-11-08,0.7828
2006-11-09,0.7791
2006-11-10,0.7775
2006-11-13,0.7806
2006-11-14,0.7805
2006-11-15,0.7808
2006-11-16,0.7808
2006-11-17,0.7798
2006-11-20,0.7806
2006-11-21,0.7798
2006-11-22,0.7735
2006-11-23,0.7690
2006-11-24,0.7645
2006-11-27,0.7622
2006-11-28,0.7598
2006-11-29,0.7607
2006-11-30,0.7541
2006-12-01,0.7510
2006-12-04,0.7504
2006-12-05,0.7504
2006-12-06,0.7515
2006-12-07,0.7521
2006-12-08,0.7567
2006-12-11,0.7563
2006-12-12,0.7557
2006-12-13,0.7567
2006-12-14,0.7591
2006-12-15,0.7637
2006-12-18,0.7649
2006-12-19,0.7579
2006-12-20,0.7586
2006-12-21,0.7590
2006-12-22,0.7616
2006-12-25,0.7615
2006-12-26,0.7615
2006-12-27,0.7619
2006-12-28,0.7600
2006-12-29,0.7577
2007-01-01,0.7552
2007-01-02,0.7527
2007-01-03,0.7594
2007-01-04,0.7637
2007-01-05,0.7689
2007-01-08,0.7679
2007-01-09,0.7695
2007-01-10,0.7728
2007-01-11,0.7750
2007-01-12,0.7736
2007-01-15,0.7739
2007-01-16,0.7741
2007-01-17,0.7723
2007-01-18,0.7727
2007-01-19,0.7711
2007-01-22,0.7718
2007-01-23,0.7678
2007-01-24,0.7714
2007-01-25,0.7704
2007-01-26,0.7747
2007-01-29,0.7723
2007-01-30,0.7720
2007-01-31,0.7693
2007-02-01,0.7680
2007-02-02,0.7716
2007-02-05,0.7732
2007-02-06,0.7711
2007-02-07,0.7680
2007-02-08,0.7672
2007-02-09,0.7689
2007-02-12,0.7715
2007-02-13,0.7678
2007-02-14,0.7618
2007-02-15,0.7610
2007-02-16,0.7612
2007-02-19,0.7613
2007-02-20,0.7614
2007-02-21,0.7618
2007-02-22,0.7614
2007-02-23,0.7596
2007-02-26,0.7599
2007-02-27,0.7549
2007-02-28,0.7559
2007-03-01,0.7591
2007-03-02,0.7586
2007-03-05,0.7637
2007-03-06,0.7629
2007-03-07,0.7606
2007-03-08,0.7617
2007-03-09,0.7623
2007-03-12,0.7584
2007-03-13,0.7576
2007-03-14,0.7560
2007-03-15,0.7548
2007-03-16,0.7515
2007-03-19,0.7519
2007-03-20,0.7524
2007-03-21,0.7516
2007-03-22,0.7486
2007-03-23,0.7518
2007-03-26,0.7499
2007-03-27,0.7487
2007-03-28,0.7501
2007-03-29,0.7499
2007-03-30,0.7477
2007-04-02,0.7477
2007-04-03,0.7483
2007-04-04,0.7483
2007-04-05,0.7448
2007-04-06,0.7474
2007-04-09,0.7481
2007-04-10,0.7443
2007-04-11,0.7443
2007-04-12,0.7416
2007-04-13,0.7398
2007-04-16,0.7380
2007-04-17,0.7370
2007-04-18,0.7367
2007-04-19,0.7350
2007-04-20,0.7352
2007-04-23,0.7364
2007-04-24,0.7341
2007-04-25,0.7328
2007-04-26,0.7358
2007-04-27,0.7339
2007-04-30,0.7321
2007-05-01,0.7353
2007-05-02,0.7354
2007-05-03,0.7371
2007-05-04,0.7360
2007-05-07,0.7344
2007-05-08,0.7390
2007-05-09,0.7381
2007-05-10,0.7401
2007-05-11,0.7397
2007-05-14,0.7383
2007-05-15,0.7351
2007-05-16,0.7395
2007-05-17,0.7411
2007-05-18,0.7401
2007-05-21,0.7431
2007-05-22,0.7427
2007-05-23,0.7417
2007-05-24,0.7447
2007-05-25,0.7434
2007-05-28,0.7425
2007-05-29,0.7417
2007-05-30,0.7452
2007-05-31,0.7433
2007-06-01,0.7440
2007-06-04,0.7414
2007-06-05,0.7393
2007-06-06,0.7412
2007-06-07,0.7432
2007-06-08,0.7486
2007-06-11,0.7486
2007-06-12,0.7505
2007-06-13,0.7522
2007-06-14,0.7513
2007-06-15,0.7482
2007-06-18,0.7462
2007-06-19,0.7454
2007-06-20,0.7448
2007-06-21,0.7463
2007-06-22,0.7442
2007-06-25,0.7435
2007-06-26,0.7425
2007-06-27,0.7444
2007-06-28,0.7426
2007-06-29,0.7396
2007-07-02,0.7338
2007-07-03,0.7345
2007-07-04,0.7351
2007-07-05,0.7357
2007-07-06,0.7339
2007-07-09,0.7341
2007-07-10,0.7292
2007-07-11,0.7269
2007-07-12,0.7259
2007-07-13,0.7253
2007-07-16,0.7254
2007-07-17,0.7256
2007-07-18,0.7242
2007-07-19,0.7241
2007-07-20,0.7230
2007-07-23,0.7237
2007-07-24,0.7234
2007-07-25,0.7293
2007-07-26,0.7283
2007-07-27,0.7328
2007-07-30,0.7309
2007-07-31,0.7293
2007-08-01,0.7309
2007-08-02,0.7303
2007-08-03,0.7254
2007-08-06,0.7252
2007-08-07,0.7274
2007-08-08,0.7242
2007-08-09,0.7299
2007-08-10,0.7307
2007-08-13,0.7340
2007-08-14,0.7363
2007-08-15,0.7419
2007-08-16,0.7462
2007-08-17,0.7412
2007-08-20,0.7425
2007-08-21,0.7417
2007-08-22,0.7388
2007-08-23,0.7375
2007-08-24,0.7329
2007-08-27,0.7329
2007-08-28,0.7339
2007-08-29,0.7313
2007-08-30,0.7327
2007-08-31,0.7331
2007-09-03,0.7331
2007-09-04,0.7350
2007-09-05,0.7316
2007-09-06,0.7301
2007-09-07,0.7261
2007-09-10,0.7250
2007-09-11,0.7227
2007-09-12,0.7192
2007-09-13,0.7202
2007-09-14,0.7221
2007-09-17,0.7215
2007-09-18,0.7210
2007-09-19,0.7168
2007-09-20,0.7096
2007-09-21,0.7104
2007-09-24,0.7099
2007-09-25,0.7078
2007-09-26,0.7079
2007-09-27,0.7073
2007-09-28,0.7033
2007-10-01,0.7028
2007-10-02,0.7061
2007-10-03,0.7075
2007-10-04,0.7078
2007-10-05,0.7065
2007-10-08,0.7065
2007-10-09,0.7096
2007-10-10,0.7064
2007-10-11,0.7028
2007-10-12,0.7058
2007-10-15,0.7034
2007-10-16,0.7060
2007-10-17,0.7038
2007-10-18,0.6997
2007-10-19,0.7011
2007-10-22,0.7073
2007-10-23,0.7019
2007-10-24,0.7024
2007-10-25,0.6993
2007-10-26,0.6949
2007-10-29,0.6942
2007-10-30,0.6933
2007-10-31,0.6912
2007-11-01,0.6928
2007-11-02,0.6906
2007-11-05,0.6911
2007-11-06,0.6870
2007-11-07,0.6818
2007-11-08,0.6807
2007-11-09,0.6819
2007-11-12,0.6835
2007-11-13,0.6850
2007-11-14,0.6817
2007-11-15,0.6831
2007-11-16,0.6825
2007-11-19,0.6822
2007-11-20,0.6763
2007-11-21,0.6744
2007-11-22,0.6744
2007-11-23,0.6745
2007-11-26,0.6729
2007-11-27,0.6749
2007-11-28,0.6780
2007-11-29,0.6772
2007-11-30,0.6808
2007-12-03,0.6823
2007-12-04,0.6776
2007-12-05,0.6818
2007-12-06,0.6832
2007-12-07,0.6819
2007-12-10,0.6796
2007-12-11,0.6802
2007-12-12,0.6802
2007-12-13,0.6854
2007-12-14,0.6929
2007-12-17,0.6959
2007-12-18,0.6948
2007-12-19,0.6972
2007-12-20,0.6967
2007-12-21,0.6963
2007-12-24,0.6940
2007-12-25,0.6918
2007-12-26,0.6897
2007-12-27,0.6849
2007-12-28,0.6794
2007-12-31,0.6848
2008-01-01,0.6816
2008-01-02,0.6785
2008-01-03,0.6786
2008-01-04,0.6763
2008-01-07,0.6810
2008-01-08,0.6795
2008-01-09,0.6820
2008-01-10,0.6784
2008-01-11,0.6763
2008-01-14,0.6722
2008-01-15,0.6738
2008-01-16,0.6829
2008-01-17,0.6807
2008-01-18,0.6842
2008-01-21,0.6843
2008-01-22,0.6845
2008-01-23,0.6862
2008-01-24,0.6786
2008-01-25,0.6815
2008-01-28,0.6762
2008-01-29,0.6772
2008-01-30,0.6765
2008-01-31,0.6738
2008-02-01,0.6734
2008-02-04,0.6742
2008-02-05,0.6832
2008-02-06,0.6827
2008-02-07,0.6899
2008-02-08,0.6894
2008-02-11,0.6894
2008-02-12,0.6853
2008-02-13,0.6864
2008-02-14,0.6833
2008-02-15,0.6815
2008-02-18,0.6799
2008-02-19,0.6783
2008-02-20,0.6820
2008-02-21,0.6751
2008-02-22,0.6745
2008-02-25,0.6747
2008-02-26,0.6716
2008-02-27,0.6609
2008-02-28,0.6591
2008-02-29,0.6585
2008-03-03,0.6581
2008-03-04,0.6575
2008-03-05,0.6544
2008-03-06,0.6512
2008-03-07,0.6522
2008-03-10,0.6507
2008-03-11,0.6524
2008-03-12,0.6454
2008-03-13,0.6417
2008-03-14,0.6409
2008-03-17,0.6343
2008-03-18,0.6336
2008-03-19,0.6393
2008-03-20,0.6486
2008-03-21,0.6474
2008-03-24,0.6496
2008-03-25,0.6412
2008-03-26,0.6345
2008-03-27,0.6330
2008-03-28,0.6346
2008-03-31,0.6327
2008-04-01,0.6404
2008-04-02,0.6403
2008-04-03,0.6383
2008-04-04,0.6355
2008-04-07,0.6364
2008-04-08,0.6367
2008-04-09,0.6328
2008-04-10,0.6352
2008-04-11,0.6331
2008-04-14,0.6318
2008-04-15,0.6329
2008-04-16,0.6259
2008-04-17,0.6280
2008-04-18,0.6352
2008-04-21,0.6297
2008-04-22,0.6246
2008-04-23,0.6290
2008-04-24,0.6382
2008-04-25,0.6396
2008-04-28,0.6391
2008-04-29,0.6409
2008-04-30,0.6423
2008-05-01,0.6469
2008-05-02,0.6480
2008-05-05,0.6455
2008-05-06,0.6432
2008-05-07,0.6506
2008-05-08,0.6490
2008-05-09,0.6474
2008-05-12,0.6437
2008-05-13,0.6448
2008-05-14,0.6465
2008-05-15,0.6455
2008-05-16,0.6414
2008-05-19,0.6445
2008-05-20,0.6383
2008-05-21,0.6340
2008-05-22,0.6368
2008-05-23,0.6336
2008-05-26,0.6346
2008-05-27,0.6357
2008-05-28,0.6399
2008-05-29,0.6440
2008-05-30,0.6427
2008-06-02,0.6431
2008-06-03,0.6471
2008-06-04,0.6471
2008-06-05,0.6427
2008-06-06,0.6357
2008-06-09,0.6362
2008-06-10,0.6463
2008-06-11,0.6426
2008-06-12,0.6486
2008-06-13,0.6507
2008-06-16,0.6463
2008-06-17,0.6444
2008-06-18,0.6451
2008-06-19,0.6451
2008-06-20,0.6400
2008-06-23,0.6455
2008-06-24,0.6414
2008-06-25,0.6423
2008-06-26,0.6354
2008-06-27,0.6350
2008-06-30,0.6350
2008-07-01,0.6338
2008-07-02,0.6302
2008-07-03,0.6366
2008-07-04,0.6379
2008-07-07,0.6391
2008-07-08,0.6389
2008-07-09,0.6352
2008-07-10,0.6341
2008-07-11,0.6290
2008-07-14,0.6284
2008-07-15,0.6280
2008-07-16,0.6310
2008-07-17,0.6305
2008-07-18,0.6307
2008-07-21,0.6298
2008-07-22,0.6325
2008-07-23,0.6366
2008-07-24,0.6387
2008-07-25,0.6375
2008-07-28,0.6350
2008-07-29,0.6415
2008-07-30,0.6427
2008-07-31,0.6415
2008-08-01,0.6424
2008-08-04,0.6423
2008-08-05,0.6465
2008-08-06,0.6490
2008-08-07,0.6518
2008-08-08,0.6646
2008-08-11,0.6685
2008-08-12,0.6709
2008-08-13,0.6714
2008-08-14,0.6731
2008-08-15,0.6805
2008-08-18,0.6789
2008-08-19,0.6782
2008-08-20,0.6802
2008-08-21,0.6723
2008-08-22,0.6757
2008-08-25,0.6755
2008-08-26,0.6821
2008-08-27,0.6810
2008-08-28,0.6810
2008-08-29,0.6817
2008-09-01,0.6851
2008-09-02,0.6886
2008-09-03,0.6902
2008-09-04,0.6964
2008-09-05,0.7006
2008-09-08,0.7079
2008-09-09,0.7056
2008-09-10,0.7133
2008-09-11,0.7174
2008-09-12,0.7056
2008-09-15,0.7055
2008-09-16,0.7065
2008-09-17,0.7035
2008-09-18,0.6953
2008-09-19,0.6952
2008-09-22,0.6804
2008-09-23,0.6786
2008-09-24,0.6824
2008-09-25,0.6829
2008-09-26,0.6851
2008-09-29,0.6954
2008-09-30,0.7102
2008-10-01,0.7113
2008-10-02,0.7218
2008-10-03,0.7238
2008-10-06,0.7403
2008-10-07,0.7327
2008-10-08,0.7310
2008-10-09,0.7328
2008-10-10,0.7423
2008-10-13,0.7372
2008-10-14,0.7322
2008-10-15,0.7371
2008-10-16,0.7454
2008-10-17,0.7428
2008-10-20,0.7511
2008-10-21,0.7632
2008-10-22,0.7791
2008-10-23,0.7765
2008-10-24,0.7912
2008-10-27,0.8035
2008-10-28,0.8015
2008-10-29,0.7781
2008-10-30,0.7782
2008-10-31,0.7885
2008-11-03,0.7862
2008-11-04,0.7680
2008-11-05,0.7669
2008-11-06,0.7839
2008-11-07,0.7827
2008-11-10,0.7837
2008-11-11,0.7900
2008-11-12,0.7963
2008-11-13,0.7983
2008-11-14,0.7855
2008-11-17,0.7858
2008-11-18,0.7880
2008-11-19,0.7940
2008-11-20,0.7984
2008-11-21,0.7980
2008-11-24,0.7758
2008-11-25,0.7675
2008-11-26,0.7795
2008-11-27,0.7836
2008-11-28,0.7878
2008-12-01,0.7915
2008-12-02,0.7859
2008-12-03,0.7893
2008-12-04,0.7788
2008-12-05,0.7903
2008-12-08,0.7727
2008-12-09,0.7730
2008-12-10,0.7678
2008-12-11,0.7522
2008-12-12,0.7491
2008-12-15,0.7319
2008-12-16,0.7241
2008-12-17,0.6965
2008-12-18,0.6994
2008-12-19,0.7207
2008-12-22,0.7167
2008-12-23,0.7160
2008-12-24,0.7161
2008-12-25,0.7136
2008-12-26,0.7111
2008-12-29,0.7026
2008-12-30,0.7100
2008-12-31,0.7184
2009-01-01,0.7177
2009-01-02,0.7171
2009-01-05,0.7366
2009-01-06,0.7438
2009-01-07,0.7290
2009-01-08,0.7292
2009-01-09,0.7410
2009-01-12,0.7492
2009-01-13,0.7577
2009-01-14,0.7591
2009-01-15,0.7637
2009-01-16,0.7551
2009-01-19,0.7637
2009-01-20,0.7724
2009-01-21,0.7770
2009-01-22,0.7719
2009-01-23,0.7783
2009-01-26,0.7620
2009-01-27,0.7599
2009-01-28,0.7551
2009-01-29,0.7699
2009-01-30,0.7810
2009-02-02,0.7808
2009-02-03,0.7686
2009-02-04,0.7778
2009-02-05,0.7789
2009-02-06,0.7768
2009-02-09,0.7655
2009-02-10,0.7712
2009-02-11,0.7756
2009-02-12,0.7799
2009-02-13,0.7765
2009-02-16,0.7859
2009-02-17,0.7955
2009-02-18,0.7970
2009-02-19,0.7890
2009-02-20,0.7880
2009-02-23,0.7845
2009-02-24,0.7848
2009-02-25,0.7855
2009-02-26,0.7835
2009-02-27,0.7898
2009-03-02,0.7949
2009-03-03,0.7969
2009-03-04,0.7932
2009-03-05,0.7959
2009-03-06,0.7890
2009-03-09,0.7914
2009-03-10,0.7842
2009-03-11,0.7828
2009-03-12,0.7813
2009-03-13,0.7757
2009-03-16,0.7694
2009-03-17,0.7709
2009-03-18,0.7628
2009-03-19,0.7283
2009-03-20,0.7371
2009-03-23,0.7370
2009-03-24,0.7394
2009-03-25,0.7386
2009-03-26,0.7375
2009-03-27,0.7515
2009-03-30,0.7607
2009-03-31,0.7541
2009-04-01,0.7563
2009-04-02,0.7431
2009-04-03,0.7437
2009-04-06,0.7483
2009-04-07,0.7529
2009-04-08,0.7526
2009-04-09,0.7605
2009-04-10,0.7609
2009-04-13,0.7488
2009-04-14,0.7532
2009-04-15,0.7586
2009-04-16,0.7577
2009-04-17,0.7675
2009-04-20,0.7750
2009-04-21,0.7705
2009-04-22,0.7685
2009-04-23,0.7664
2009-04-24,0.7532
2009-04-27,0.7613
2009-04-28,0.7656
2009-04-29,0.7505
2009-04-30,0.7551
2009-05-01,0.7537
2009-05-04,0.7482
2009-05-05,0.7477
2009-05-06,0.7511
2009-05-07,0.7457
2009-05-08,0.7411
2009-05-11,0.7342
2009-05-12,0.7332
2009-05-13,0.7346
2009-05-14,0.7349
2009-05-15,0.7386
2009-05-18,0.7406
2009-05-19,0.7349
2009-05-20,0.7265
2009-05-21,0.7244
2009-05-22,0.7140
2009-05-25,0.7144
2009-05-26,0.7147
2009-05-27,0.7182
2009-05-28,0.7169
2009-05-29,0.7079
2009-06-01,0.7046
2009-06-02,0.7008
2009-06-03,0.7045
2009-06-04,0.7049
2009-06-05,0.7148
2009-06-08,0.7203
2009-06-09,0.7136
2009-06-10,0.7152
2009-06-11,0.7096
2009-06-12,0.7123
2009-06-15,0.7255
2009-06-16,0.7206
2009-06-17,0.7220
2009-06-18,0.7154
2009-06-19,0.7144
2009-06-22,0.7222
2009-06-23,0.7125
2009-06-24,0.7135
2009-06-25,0.7167
2009-06-26,0.7114
2009-06-29,0.7113
2009-06-30,0.7133
2009-07-01,0.7049
2009-07-02,0.7134
2009-07-03,0.7147
2009-07-06,0.7175
2009-07-07,0.7161
2009-07-08,0.7219
2009-07-09,0.7130
2009-07-10,0.7181
2009-07-13,0.7157
2009-07-14,0.7158
2009-07-15,0.7084
2009-07-16,0.7085
2009-07-17,0.7082
2009-07-20,0.7037
2009-07-21,0.7044
2009-07-22,0.7032
2009-07-23,0.7010
2009-07-24,0.7036
2009-07-27,0.7036
2009-07-28,0.7035
2009-07-29,0.7126
2009-07-30,0.7109
2009-07-31,0.7003
2009-08-03,0.6937
2009-08-04,0.6944
2009-08-05,0.6949
2009-08-06,0.6965
2009-08-07,0.7052
2009-08-10,0.7071
2009-08-11,0.7072
2009-08-12,0.7035
2009-08-13,0.7001
2009-08-14,0.7034
2009-08-17,0.7098
2009-08-18,0.7105
2009-08-19,0.7012
2009-08-20,0.7025
2009-08-21,0.6991
2009-08-24,0.6983
2009-08-25,0.6969
2009-08-26,0.7027
2009-08-27,0.7007
2009-08-28,0.6965
2009-08-31,0.6967
2009-09-01,0.7025
2009-09-02,0.7020
2009-09-03,0.7004
2009-09-04,0.7004
2009-09-07,0.6950
2009-09-08,0.6898
2009-09-09,0.6862
2009-09-10,0.6864
2009-09-11,0.6856
2009-09-14,0.6843
2009-09-15,0.6841
2009-09-16,0.6804
2009-09-17,0.6787
2009-09-18,0.6801
2009-09-21,0.6806
2009-09-22,0.6759
2009-09-23,0.6779
2009-09-24,0.6805
2009-09-25,0.6811
2009-09-28,0.6826
2009-09-29,0.6871
2009-09-30,0.6835
2009-10-01,0.6881
2009-10-02,0.6854
2009-10-05,0.6827
2009-10-06,0.6782
2009-10-07,0.6814
2009-10-08,0.6767
2009-10-09,0.6796
2009-10-12,0.6767
2009-10-13,0.6739
2009-10-14,0.6712
2009-10-15,0.6691
2009-10-16,0.6716
2009-10-19,0.6690
2009-10-20,0.6709
2009-10-21,0.6663
2009-10-22,0.6665
2009-10-23,0.6654
2009-10-26,0.6693
2009-10-27,0.6747
2009-10-28,0.6774
2009-10-29,0.6748
2009-10-30,0.6777
2009-11-02,0.6744
2009-11-03,0.6822
2009-11-04,0.6740
2009-11-05,0.6731
2009-11-06,0.6741
2009-11-09,0.6667
2009-11-10,0.6684
2009-11-11,0.6706
2009-11-12,0.6727
2009-11-13,0.6718
2009-11-16,0.6677
2009-11-17,0.6743
2009-11-18,0.6671
2009-11-19,0.6709
2009-11-20,0.6725
2009-11-23,0.6681
2009-11-24,0.6695
2009-11-25,0.6629
2009-11-26,0.6656
2009-11-27,0.6683
2009-11-30,0.6669
2009-12-01,0.6623
2009-12-02,0.6641
2009-12-03,0.6631
2009-12-04,0.6718
2009-12-07,0.6748
2009-12-08,0.6784
2009-12-09,0.6791
2009-12-10,0.6795
2009-12-11,0.6849
2009-12-14,0.6828
2009-12-15,0.6890
2009-12-16,0.6860
2009-12-17,0.6985
2009-12-18,0.7002
2009-12-21,0.6984
2009-12-22,0.7021
2009-12-23,0.6973
2009-12-24,0.6960
2009-12-25,0.6954
2009-12-28,0.6948
2009-12-29,0.6966
2009-12-30,0.6985
2009-12-31,0.6977
2010-01-01,0.6956
2010-01-04,0.6935
2010-01-05,0.6943
2010-01-06,0.6943
2010-01-07,0.6986
2010-01-08,0.6965
2010-01-11,0.6879
2010-01-12,0.6886
2010-01-13,0.6900
2010-01-14,0.6907
2010-01-15,0.6956
2010-01-18,0.6982
2010-01-19,0.7008
2010-01-20,0.7095
2010-01-21,0.7089
2010-01-22,0.7065
2010-01-25,0.7069
2010-01-26,0.7111
2010-01-27,0.7116
2010-01-28,0.7146
2010-01-29,0.7210
2010-02-01,0.7192
2010-02-02,0.7166
2010-02-03,0.7191
2010-02-04,0.7268
2010-02-05,0.7349
2010-02-08,0.7300
2010-02-09,0.7249
2010-02-10,0.7288
2010-02-11,0.7331
2010-02-12,0.7339
2010-02-15,0.7308
2010-02-16,0.7277
2010-02-17,0.7341
2010-02-18,0.7373
2010-02-19,0.7387
2010-02-22,0.7358
2010-02-23,0.7387
2010-02-24,0.7366
2010-02-25,0.7421
2010-02-26,0.7321
2010-03-01,0.7399
2010-03-02,0.7372
2010-03-03,0.7283
2010-03-04,0.7369
2010-03-05,0.7349
2010-03-08,0.7346
2010-03-09,0.7361
2010-03-10,0.7322
2010-03-11,0.7313
2010-03-12,0.7271
2010-03-15,0.7325
2010-03-16,0.7268
2010-03-17,0.7279
2010-03-18,0.7351
2010-03-19,0.7391
2010-03-22,0.7390
2010-03-23,0.7388
2010-03-24,0.7492
2010-03-25,0.7494
2010-03-26,0.7464
2010-03-29,0.7427
2010-03-30,0.7458
2010-03-31,0.7393
2010-04-01,0.7370
2010-04-02,0.7415
2010-04-05,0.7415
2010-04-06,0.7475
2010-04-07,0.7483
2010-04-08,0.7485
2010-04-09,0.7425
2010-04-12,0.7360
2010-04-13,0.7357
2010-04-14,0.7317
2010-04-15,0.7386
2010-04-16,0.7415
2010-04-19,0.7431
2010-04-20,0.7437
2010-04-21,0.7472
2010-04-22,0.7520
2010-04-23,0.7485
2010-04-26,0.7499
2010-04-27,0.7559
2010-04-28,0.7616
2010-04-29,0.7551
2010-04-30,0.7518
2010-05-03,0.7586
2010-05-04,0.7670
2010-05-05,0.7758
2010-05-06,0.7881
2010-05-07,0.7861
2010-05-10,0.7775
2010-05-11,0.7865
2010-05-12,0.7910
2010-05-13,0.7957
2010-05-14,0.8071
2010-05-17,0.8131
2010-05-18,0.8092
2010-05-19,0.8119
2010-05-20,0.8084
2010-05-21,0.7952
2010-05-24,0.8061
2010-05-25,0.8144
2010-05-26,0.8181
2010-05-27,0.8084
2010-05-28,0.8085
2010-05-31,0.8119
2010-06-01,0.8153
2010-06-02,0.8193
2010-06-03,0.8201
2010-06-04,0.8335
2010-06-07,0.8362
2010-06-08,0.8337
2010-06-09,0.8302
2010-06-10,0.8257
2010-06-11,0.8280
2010-06-14,0.8145
2010-06-15,0.8112
2010-06-16,0.8115
2010-06-17,0.8087
2010-06-18,0.8091
2010-06-21,0.8074
2010-06-22,0.8128
2010-06-23,0.8123
2010-06-24,0.8138
2010-06-25,0.8109
2010-06-28,0.8120
2010-06-29,0.8205
2010-06-30,0.8136
2010-07-01,0.8023
2010-07-02,0.7951
2010-07-05,0.7929
2010-07-06,0.7908
2010-07-07,0.7940
2010-07-08,0.7885
2010-07-09,0.7912
2010-07-12,0.7954
2010-07-13,0.7862
2010-07-14,0.7840
2010-07-15,0.7756
2010-07-16,0.7741
2010-07-19,0.7714
2010-07-20,0.7749
2010-07-21,0.7802
2010-07-22,0.7750
2010-07-23,0.7768
2010-07-26,0.7702
2010-07-27,0.7702
2010-07-28,0.7693
2010-07-29,0.7655
2010-07-30,0.7652
2010-08-02,0.7591
2010-08-03,0.7553
2010-08-04,0.7600
2010-08-05,0.7601
2010-08-06,0.7529
2010-08-09,0.7552
2010-08-10,0.7637
2010-08-11,0.7753
2010-08-12,0.7772
2010-08-13,0.7833
2010-08-16,0.7789
2010-08-17,0.7758
2010-08-18,0.7769
2010-08-19,0.7790
2010-08-20,0.7882
2010-08-23,0.7897
2010-08-24,0.7890
2010-08-25,0.7904
2010-08-26,0.7863
2010-08-27,0.7834
2010-08-30,0.7883
2010-08-31,0.7872
2010-09-01,0.7805
2010-09-02,0.7798
2010-09-03,0.7761
2010-09-06,0.7810
2010-09-07,0.7860
2010-09-08,0.7857
2010-09-09,0.7869
2010-09-10,0.7855
2010-09-13,0.7758
2010-09-14,0.7684
2010-09-15,0.7688
2010-09-16,0.7646
2010-09-17,0.7665
2010-09-20,0.7649
2010-09-21,0.7613
2010-09-22,0.7471
2010-09-23,0.7494
2010-09-24,0.7421
2010-09-27,0.7421
2010-09-28,0.7362
2010-09-29,0.7332
2010-09-30,0.7352
2010-10-01,0.7271
2010-10-04,0.7306
2010-10-05,0.7229
2010-10-06,0.7182
2010-10-07,0.7183
2010-10-08,0.7182
2010-10-11,0.7202
2010-10-12,0.7222
2010-10-13,0.7161
2010-10-14,0.7109
2010-10-15,0.7144
2010-10-18,0.7154
2010-10-19,0.7232
2010-10-20,0.7169
2010-10-21,0.7157
2010-10-22,0.7192
2010-10-25,0.7150
2010-10-26,0.7208
2010-10-27,0.7253
2010-10-28,0.7179
2010-10-29,0.7197
2010-11-01,0.7200
2010-11-02,0.7130
2010-11-03,0.7136
2010-11-04,0.7030
2010-11-05,0.7126
2010-11-08,0.7180
2010-11-09,0.7212
2010-11-10,0.7284
2010-11-11,0.7292
2010-11-12,0.7299
2010-11-15,0.7345
2010-11-16,0.7398
2010-11-17,0.7377
2010-11-18,0.7343
2010-11-19,0.7324
2010-11-22,0.7346
2010-11-23,0.7469
2010-11-24,0.7491
2010-11-25,0.7521
2010-11-26,0.7551
2010-11-29,0.7638
2010-11-30,0.7671
2010-12-01,0.7605
2010-12-02,0.7560
2010-12-03,0.7481
2010-12-06,0.7533
2010-12-07,0.7506
2010-12-08,0.7552
2010-12-09,0.7572
2010-12-10,0.7552
2010-12-13,0.7469
2010-12-14,0.7465
2010-12-15,0.7515
2010-12-16,0.7572
2010-12-17,0.7602
2010-12-20,0.7620
2010-12-21,0.7616
2010-12-22,0.7640
2010-12-23,0.7633
2010-12-24,0.7620
2010-12-27,0.7607
2010-12-28,0.7621
2010-12-29,0.7586
2010-12-30,0.7536
2010-12-31,0.7508
2011-01-03,0.7479
2011-01-04,0.7515
2011-01-05,0.7592
2011-01-06,0.7676
2011-01-07,0.7726
2011-01-10,0.7725
2011-01-11,0.7705
2011-01-12,0.7653
2011-01-13,0.7483
2011-01-14,0.7503
2011-01-17,0.7483
2011-01-18,0.7463
2011-01-19,0.7410
2011-01-20,0.7439
2011-01-21,0.7363
2011-01-24,0.7324
2011-01-25,0.7329
2011-01-26,0.7306
2011-01-27,0.7306
2011-01-28,0.7349
2011-01-31,0.7291
2011-02-01,0.7250
2011-02-02,0.7257
2011-02-03,0.7324
2011-02-04,0.7362
2011-02-07,0.7376
2011-02-08,0.7306
2011-02-09,0.7306
2011-02-10,0.7333
2011-02-11,0.7396
2011-02-14,0.7422
2011-02-15,0.7411
2011-02-16,0.7382
2011-02-17,0.7346
2011-02-18,0.7314
2011-02-21,0.7317
2011-02-22,0.7320
2011-02-23,0.7268
2011-02-24,0.7250
2011-02-25,0.7269
2011-02-28,0.7250
2011-03-01,0.7240
2011-03-02,0.7210
2011-03-03,0.7170
2011-03-04,0.7152
2011-03-07,0.7155
2011-03-08,0.7188
2011-03-09,0.7191
2011-03-10,0.7234
2011-03-11,0.7213
2011-03-14,0.7156
2011-03-15,0.7159
2011-03-16,0.7183
2011-03-17,0.7132
2011-03-18,0.7072
2011-03-21,0.7050
2011-03-22,0.7036
2011-03-23,0.7080
2011-03-24,0.7042
2011-03-25,0.7070
2011-03-28,0.7090
2011-03-29,0.7097
2011-03-30,0.7095
2011-03-31,0.7051
2011-04-01,0.7035
2011-04-04,0.7032
2011-04-05,0.7027
2011-04-06,0.6977
2011-04-07,0.6999
2011-04-08,0.6927
2011-04-11,0.6919
2011-04-12,0.6918
2011-04-13,0.6908
2011-04-14,0.6914
2011-04-15,0.6924
2011-04-18,0.7037
2011-04-19,0.6984
2011-04-20,0.6890
2011-04-21,0.6856
2011-04-22,0.6875
2011-04-25,0.6861
2011-04-26,0.6838
2011-04-27,0.6822
2011-04-28,0.6764
2011-04-29,0.6747
2011-05-02,0.6725
2011-05-03,0.6723
2011-05-04,0.6730
2011-05-05,0.6857
2011-05-06,0.6899
2011-05-09,0.6993
2011-05-10,0.6965
2011-05-11,0.7008
2011-05-12,0.7028
2011-05-13,0.7072
2011-05-16,0.7033
2011-05-17,0.7065
2011-05-18,0.7008
2011-05-19,0.7016
2011-05-20,0.7056
2011-05-23,0.7135
2011-05-24,0.7089
2011-05-25,0.7091
2011-05-26,0.7098
2011-05-27,0.6999
2011-05-30,0.6978
2011-05-31,0.6956
2011-06-01,0.6930
2011-06-02,0.6932
2011-06-03,0.6847
2011-06-06,0.6840
2011-06-07,0.6814
2011-06-08,0.6855
2011-06-09,0.6880
2011-06-10,0.6961
2011-06-13,0.6960
2011-06-14,0.6909
2011-06-15,0.7032
2011-06-16,0.7065
2011-06-17,0.6980
2011-06-20,0.6983
2011-06-21,0.6945
2011-06-22,0.6943
2011-06-23,0.7059
2011-06-24,0.7048
2011-06-27,0.7002
2011-06-28,0.6960
2011-06-29,0.6931
2011-06-30,0.6886
2011-07-01,0.6893
2011-07-04,0.6902
2011-07-05,0.6911
2011-07-06,0.6979
2011-07-07,0.6969
2011-07-08,0.7017
2011-07-11,0.7126
2011-07-12,0.7136
2011-07-13,0.7059
2011-07-14,0.7051
2011-07-15,0.7064
2011-07-18,0.7121
2011-07-19,0.7064
2011-07-20,0.7048
2011-07-21,0.6958
2011-07-22,0.6961
2011-07-25,0.6965
2011-07-26,0.6899
2011-07-27,0.6957
2011-07-28,0.6992
2011-07-29,0.6950
2011-08-01,0.7041
2011-08-02,0.7026
2011-08-03,0.6983
2011-08-04,0.7063
2011-08-05,0.7063
2011-08-08,0.7022
2011-08-09,0.7021
2011-08-10,0.7046
2011-08-11,0.7027
2011-08-12,0.7023
2011-08-15,0.6919
2011-08-16,0.6934
2011-08-17,0.6927
2011-08-18,0.6983
2011-08-19,0.6941
2011-08-22,0.6952
2011-08-23,0.6930
2011-08-24,0.6943
2011-08-25,0.6954
2011-08-26,0.6914
2011-08-29,0.6892
2011-08-30,0.6928
2011-08-31,0.6942
2011-09-01,0.7001
2011-09-02,0.7041
2011-09-05,0.7092
2011-09-06,0.7143
2011-09-07,0.7113
2011-09-08,0.7170
2011-09-09,0.7317
2011-09-12,0.7334
2011-09-13,0.7310
2011-09-14,0.7294
2011-09-15,0.7216
2011-09-16,0.7255
2011-09-19,0.7334
2011-09-20,0.7301
2011-09-21,0.7287
2011-09-22,0.7437
2011-09-23,0.7398
2011-09-26,0.7399
2011-09-27,0.7350
2011-09-28,0.7338
2011-09-29,0.7332
2011-09-30,0.7435
2011-10-03,0.7530
2011-10-04,0.7522
2011-10-05,0.7503
2011-10-06,0.7458
2011-10-07,0.7401
2011-10-10,0.7361
2011-10-11,0.7322
2011-10-12,0.7244
2011-10-13,0.7283
2011-10-14,0.7214
2011-10-17,0.7262
2011-10-18,0.7289
2011-10-19,0.7260
2011-10-20,0.7314
2011-10-21,0.7208
2011-10-24,0.7178
2011-10-25,0.7189
2011-10-26,0.7226
2011-10-27,0.7056
2011-10-28,0.7060
2011-10-31,0.7170
2011-11-01,0.7312
2011-11-02,0.7245
2011-11-03,0.7276
2011-11-04,0.7267
2011-11-07,0.7276
2011-11-08,0.7254
2011-11-09,0.7355
2011-11-10,0.7353
2011-11-11,0.7346
2011-11-14,0.7339
2011-11-15,0.7394
2011-11-16,0.7405
2011-11-17,0.7395
2011-11-18,0.7396
2011-11-21,0.7394
2011-11-22,0.7407
2011-11-23,0.7492
2011-11-24,0.7521
2011-11-25,0.7551
2011-11-28,0.7500
2011-11-29,0.7495
2011-11-30,0.7433
2011-12-01,0.7415
2011-12-02,0.7470
2011-12-05,0.7428
2011-12-06,0.7464
2011-12-07,0.7470
2011-12-08,0.7505
2011-12-09,0.7481
2011-12-12,0.7583
2011-12-13,0.7637
2011-12-14,0.7709
2011-12-15,0.7685
2011-12-16,0.7678
2011-12-19,0.7682
2011-12-20,0.7648
2011-12-21,0.7669
2011-12-22,0.7666
2011-12-23,0.7669
2011-12-26,0.7659
2011-12-27,0.7649
2011-12-28,0.7736
2011-12-29,0.7721
2011-12-30,0.7708
2012-01-02,0.7682
2012-01-03,0.7656
2012-01-04,0.7734
2012-01-05,0.7823
2012-01-06,0.7860
2012-01-09,0.7846
2012-01-10,0.7824
2012-01-11,0.7883
2012-01-12,0.7802
2012-01-13,0.7885
2012-01-16,0.7867
2012-01-17,0.7849
2012-01-18,0.7797
2012-01-19,0.7730
2012-01-20,0.7723
2012-01-23,0.7672
2012-01-24,0.7690
2012-01-25,0.7705
2012-01-26,0.7603
2012-01-27,0.7580
2012-01-30,0.7620
2012-01-31,0.7661
2012-02-01,0.7588
2012-02-02,0.7595
2012-02-03,0.7630
2012-02-06,0.7616
2012-02-07,0.7551
2012-02-08,0.7545
2012-02-09,0.7520
2012-02-10,0.7583
2012-02-13,0.7569
2012-02-14,0.7605
2012-02-15,0.7641
2012-02-16,0.7628
2012-02-17,0.7605
2012-02-20,0.7575
2012-02-21,0.7544
2012-02-22,0.7547
2012-02-23,0.7514
2012-02-24,0.7428
2012-02-27,0.7457
2012-02-28,0.7434
2012-02-29,0.7486
2012-03-01,0.7508
2012-03-02,0.7575
2012-03-05,0.7561
2012-03-06,0.7625
2012-03-07,0.7605
2012-03-08,0.7544
2012-03-09,0.7629
2012-03-12,0.7610
2012-03-13,0.7628
2012-03-14,0.7678
2012-03-15,0.7651
2012-03-16,0.7592
2012-03-19,0.7552
2012-03-20,0.7563
2012-03-21,0.7582
2012-03-22,0.7579
2012-03-23,0.7540
2012-03-26,0.7503
2012-03-27,0.7499
2012-03-28,0.7519
2012-03-29,0.7539
2012-03-30,0.7500
2012-04-02,0.7505
2012-04-03,0.7498
2012-04-04,0.7618
2012-04-05,0.7655
2012-04-06,0.7640
2012-04-09,0.7641
2012-04-10,0.7652
2012-04-11,0.7631
2012-04-12,0.7592
2012-04-13,0.7644
2012-04-16,0.7653
2012-04-17,0.7620
2012-04-18,0.7621
2012-04-19,0.7615
2012-04-20,0.7569
2012-04-23,0.7617
2012-04-24,0.7572
2012-04-25,0.7570
2012-04-26,0.7557
2012-04-27,0.7548
2012-04-30,0.7559
2012-05-01,0.7561
2012-05-02,0.7602
2012-05-03,0.7606
2012-05-04,0.7639
2012-05-07,0.7662
2012-05-08,0.7683
2012-05-09,0.7720
2012-05-10,0.7717
2012-05-11,0.7730
2012-05-14,0.7784
2012-05-15,0.7831
2012-05-16,0.7855
2012-05-17,0.7868
2012-05-18,0.7861
2012-05-21,0.7831
2012-05-22,0.7852
2012-05-23,0.7956
2012-05-24,0.7947
2012-05-25,0.7988
2012-05-28,0.7998
2012-05-29,0.8008
2012-05-30,0.8061
2012-05-31,0.8088
2012-06-01,0.8052
2012-06-04,0.8003
2012-06-05,0.8041
2012-06-06,0.7978
2012-06-07,0.7957
2012-06-08,0.8012
2012-06-11,0.7997
2012-06-12,0.8015
2012-06-13,0.7939
2012-06-14,0.7931
2012-06-15,0.7916
2012-06-18,0.7950
2012-06-19,0.7879
2012-06-20,0.7872
2012-06-21,0.7945
2012-06-22,0.7971
2012-06-25,0.8013
2012-06-26,0.8019
2012-06-27,0.8028
2012-06-28,0.8043
2012-06-29,0.7894
2012-07-02,0.7947
2012-07-03,0.7924
2012-07-04,0.7999
2012-07-05,0.8075
2012-07-06,0.8141
2012-07-09,0.8131
2012-07-10,0.8160
2012-07-11,0.8167
2012-07-12,0.8197
2012-07-13,0.8175
2012-07-16,0.8152
2012-07-17,0.8174
2012-07-18,0.8156
2012-07-19,0.8159
2012-07-20,0.8213
2012-07-23,0.8247
2012-07-24,0.8290
2012-07-25,0.8243
2012-07-26,0.8143
2012-07-27,0.8084
2012-07-30,0.8163
2012-07-31,0.8120
2012-08-01,0.8131
2012-08-02,0.8231
2012-08-03,0.8071
2012-08-06,0.8050
2012-08-07,0.8050
2012-08-08,0.8088
2012-08-09,0.8145
2012-08-10,0.8131
2012-08-13,0.8104
2012-08-14,0.8111
2012-08-15,0.8138
2012-08-16,0.8093
2012-08-17,0.8120
2012-08-20,0.8102
2012-08-21,0.8018
2012-08-22,0.8018
2012-08-23,0.7947
2012-08-24,0.7979
2012-08-27,0.7991
2012-08-28,0.7959
2012-08-29,0.7976
2012-08-30,0.8002
2012-08-31,0.7950
2012-09-03,0.7954
2012-09-04,0.7958
2012-09-05,0.7935
2012-09-06,0.7920
2012-09-07,0.7815
2012-09-10,0.7816
2012-09-11,0.7777
2012-09-12,0.7756
2012-09-13,0.7745
2012-09-14,0.7609
2012-09-17,0.7619
2012-09-18,0.7662
2012-09-19,0.7654
2012-09-20,0.7723
2012-09-21,0.7698
2012-09-24,0.7747
2012-09-25,0.7725
2012-09-26,0.7781
2012-09-27,0.7768
2012-09-28,0.7778
2012-10-01,0.7752
2012-10-02,0.7721
2012-10-03,0.7747
2012-10-04,0.7692
2012-10-05,0.7658
2012-10-08,0.7712
2012-10-09,0.7766
2012-10-10,0.7759
2012-10-11,0.7735
2012-10-12,0.7724
2012-10-15,0.7722
2012-10-16,0.7671
2012-10-17,0.7614
2012-10-18,0.7630
2012-10-19,0.7679
2012-10-22,0.7655
2012-10-23,0.7710
2012-10-24,0.7724
2012-10-25,0.7717
2012-10-26,0.7729
2012-10-29,0.7748
2012-10-30,0.7705
2012-10-31,0.7717
2012-11-01,0.7730
2012-11-02,0.7783
2012-11-05,0.7819
2012-11-06,0.7802
2012-11-07,0.7838
2012-11-08,0.7849
2012-11-09,0.7865
2012-11-12,0.7864
2012-11-13,0.7864
2012-11-14,0.7849
2012-11-15,0.7823
2012-11-16,0.7865
2012-11-19,0.7809
2012-11-20,0.7804
2012-11-21,0.7803
2012-11-22,0.7759
2012-11-23,0.7717
2012-11-26,0.7712
2012-11-27,0.7728
2012-11-28,0.7738
2012-11-29,0.7720
2012-11-30,0.7686
2012-12-03,0.7653
2012-12-04,0.7645
2012-12-05,0.7647
2012-12-06,0.7711
2012-12-07,0.7727
2012-12-10,0.7734
2012-12-11,0.7697
2012-12-12,0.7670
2012-12-13,0.7647
2012-12-14,0.7614
2012-12-17,0.7594
2012-12-18,0.7562
2012-12-19,0.7541
2012-12-20,0.7562
2012-12-21,0.7595
2012-12-24,0.7588
2012-12-25,0.7574
2012-12-26,0.7560
2012-12-27,0.7560
2012-12-28,0.7564
2012-12-31,0.7584
2013-01-01,0.7581
2013-01-02,0.7579
2013-01-03,0.7628
2013-01-04,0.7665
2013-01-07,0.7634
2013-01-08,0.7652
2013-01-09,0.7646
2013-01-10,0.7564
2013-01-11,0.7489
2013-01-14,0.7480
2013-01-15,0.7495
2013-01-16,0.7516
2013-01-17,0.7487
2013-01-18,0.7517
2013-01-21,0.7517
2013-01-22,0.7517
2013-01-23,0.7514
2013-01-24,0.7475
2013-01-25,0.7432
2013-01-28,0.7430
2013-01-29,0.7416
2013-01-30,0.7372
2013-01-31,0.7362
2013-02-01,0.7304
2013-02-04,0.7393
2013-02-05,0.7370
2013-02-06,0.7392
2013-02-07,0.7473
2013-02-08,0.7482
2013-02-11,0.7455
2013-02-12,0.7435
2013-02-13,0.7436
2013-02-14,0.7500
2013-02-15,0.7484
2013-02-18,0.7477
2013-02-19,0.7470
2013-02-20,0.7491
2013-02-21,0.7573
2013-02-22,0.7595
2013-02-25,0.7592
2013-02-26,0.7660
2013-02-27,0.7631
2013-02-28,0.7646
2013-03-01,0.7699
2013-03-04,0.7695
2013-03-05,0.7681
2013-03-06,0.7698
2013-03-07,0.7635
2013-03-08,0.7697
2013-03-11,0.7684
2013-03-12,0.7679
2013-03-13,0.7723
2013-03-14,0.7708
2013-03-15,0.7648
2013-03-18,0.7718
2013-03-19,0.7759
2013-03-20,0.7722
2013-03-21,0.7735
2013-03-22,0.7695
2013-03-25,0.7763
2013-03-26,0.7777
2013-03-27,0.7824
2013-03-28,0.7787
2013-03-29,0.7803
2013-04-01,0.7778
2013-04-02,0.7791
2013-04-03,0.7784
2013-04-04,0.7780
2013-04-05,0.7676
2013-04-08,0.7688
2013-04-09,0.7638
2013-04-10,0.7657
2013-04-11,0.7620
2013-04-12,0.7637
2013-04-15,0.7644
2013-04-16,0.7610
2013-04-17,0.7663
2013-04-18,0.7650
2013-04-19,0.7653
2013-04-22,0.7663
2013-04-23,0.7685
2013-04-24,0.7694
2013-04-25,0.7690
2013-04-26,0.7678
2013-04-29,0.7639
2013-04-30,0.7594
2013-05-01,0.7580
2013-05-02,0.7653
2013-05-03,0.7627
2013-05-06,0.7653
2013-05-07,0.7642
2013-05-08,0.7589
2013-05-09,0.7631
2013-05-10,0.7719
2013-05-13,0.7704
2013-05-14,0.7711
2013-05-15,0.7778
2013-05-16,0.7753
2013-05-17,0.7802
2013-05-20,0.7773
2013-05-21,0.7746
2013-05-22,0.7774
2013-05-23,0.7726
2013-05-24,0.7740
2013-05-27,0.7755
2013-05-28,0.7770
2013-05-29,0.7726
2013-05-30,0.7668
2013-05-31,0.7699
2013-06-03,0.7635
2013-06-04,0.7648
2013-06-05,0.7641
2013-06-06,0.7548
2013-06-07,0.7552
2013-06-10,0.7556
2013-06-11,0.7531
2013-06-12,0.7488
2013-06-13,0.7511
2013-06-14,0.7502
2013-06-17,0.7496
2013-06-18,0.7459
2013-06-19,0.7460
2013-06-20,0.7568
2013-06-21,0.7626
2013-06-24,0.7639
2013-06-25,0.7645
2013-06-26,0.7689
2013-06-27,0.7683
2013-06-28,0.7686
2013-07-01,0.7657
2013-07-02,0.7682
2013-07-03,0.7689
2013-07-04,0.7741
2013-07-05,0.7794
2013-07-08,0.7774
2013-07-09,0.7828
2013-07-10,0.7785
2013-07-11,0.7665
2013-07-12,0.7664
2013-07-15,0.7669
2013-07-16,0.7608
2013-07-17,0.7637
2013-07-18,0.7646
2013-07-19,0.7609
2013-07-22,0.7580
2013-07-23,0.7569
2013-07-24,0.7560
2013-07-25,0.7556
2013-07-26,0.7536
2013-07-29,0.7540
2013-07-30,0.7538
2013-07-31,0.7529
2013-08-01,0.7566
2013-08-02,0.7537
2013-08-05,0.7543
2013-08-06,0.7521
2013-08-07,0.7502
2013-08-08,0.7467
2013-08-09,0.7497
2013-08-12,0.7512
2013-08-13,0.7549
2013-08-14,0.7544
2013-08-15,0.7540
2013-08-16,0.7507
2013-08-19,0.7492
2013-08-20,0.7448
2013-08-21,0.7481
2013-08-22,0.7484
2013-08-23,0.7467
2013-08-26,0.7480
2013-08-27,0.7470
2013-08-28,0.7504
2013-08-29,0.7560
2013-08-30,0.7578
2013-09-02,0.7587
2013-09-03,0.7596
2013-09-04,0.7569
2013-09-05,0.7622
2013-09-06,0.7595
2013-09-09,0.7541
2013-09-10,0.7541
2013-09-11,0.7518
2013-09-12,0.7510
2013-09-13,0.7532
2013-09-16,0.7491
2013-09-17,0.7487
2013-09-18,0.7490
2013-09-19,0.7393
2013-09-20,0.7395
2013-09-23,0.7396
2013-09-24,0.7413
2013-09-25,0.7388
2013-09-26,0.7416
2013-09-27,0.7387
2013-09-30,0.7388
2013-10-01,0.7389
2013-10-02,0.7357
2013-10-03,0.7330
2013-10-04,0.7363
2013-10-07,0.7370
2013-10-08,0.7363
2013-10-09,0.7400
2013-10-10,0.7388
2013-10-11,0.7375
2013-10-14,0.7393
2013-10-15,0.7411
2013-10-16,0.7413
2013-10-17,0.7319
2013-10-18,0.7303
2013-10-21,0.7314
2013-10-22,0.7258
2013-10-23,0.7254
2013-10-24,0.7241
2013-10-25,0.7250
2013-10-28,0.7254
2013-10-29,0.7262
2013-10-30,0.7262
2013-10-31,0.7356
2013-11-01,0.7414
2013-11-04,0.7399
2013-11-05,0.7424
2013-11-06,0.7391
2013-11-07,0.7468
2013-11-08,0.7487
2013-11-11,0.7467
2013-11-12,0.7447
2013-11-13,0.7432
2013-11-14,0.7425
2013-11-15,0.7418
2013-11-18,0.7396
2013-11-19,0.7392
2013-11-20,0.7434
2013-11-21,0.7424
2013-11-22,0.7382
2013-11-25,0.7406
2013-11-26,0.7377
2013-11-27,0.7373
2013-11-28,0.7361
2013-11-29,0.7350
2013-12-02,0.7379
2013-12-03,0.7351
2013-12-04,0.7377
2013-12-05,0.7319
2013-12-06,0.7305
2013-12-09,0.7285
2013-12-10,0.7265
2013-12-11,0.7247
2013-12-12,0.7272
2013-12-13,0.7287
2013-12-16,0.7269
2013-12-17,0.7274
2013-12-18,0.7264
2013-12-19,0.7317
2013-12-20,0.7314
2013-12-23,0.7299
2013-12-24,0.7312
2013-12-25,0.7308
2013-12-26,0.7305
2013-12-27,0.7264
2013-12-30,0.7238
2013-12-31,0.7257
2014-01-01,0.7286
2014-01-02,0.7315
2014-01-03,0.7350
2014-01-06,0.7334
2014-01-07,0.7343
2014-01-08,0.7361
2014-01-09,0.7358
2014-01-10,0.7319
2014-01-13,0.7328
2014-01-14,0.7309
2014-01-15,0.7351
2014-01-16,0.7353
2014-01-17,0.7378
2014-01-20,0.7376
2014-01-21,0.7375
2014-01-22,0.7382
2014-01-23,0.7310
2014-01-24,0.7310
2014-01-27,0.7310
2014-01-28,0.7320
2014-01-29,0.7319
2014-01-30,0.7381
2014-01-31,0.7407
2014-02-03,0.7395
2014-02-04,0.7404
2014-02-05,0.7397
2014-02-06,0.7351
2014-02-07,0.7345
2014-02-10,0.7329
2014-02-11,0.7324
2014-02-12,0.7357
2014-02-13,0.7316
2014-02-14,0.7305
2014-02-17,0.7287
2014-02-18,0.7268
2014-02-19,0.7266
2014-02-20,0.7305
2014-02-21,0.7288
2014-02-24,0.7276
2014-02-25,0.7273
2014-02-26,0.7316
2014-02-27,0.7287
2014-02-28,0.7243
2014-03-03,0.7266
2014-03-04,0.7283
2014-03-05,0.7281
2014-03-06,0.7221
2014-03-07,0.7211
2014-03-10,0.7205
2014-03-11,0.7211
2014-03-12,0.7192
2014-03-13,0.7180
2014-03-14,0.7182
2014-03-17,0.7180
2014-03-18,0.7188
2014-03-19,0.7189
2014-03-20,0.7255
2014-03-21,0.7255
2014-03-24,0.7255
2014-03-25,0.7258
2014-03-26,0.7254
2014-03-27,0.7272
2014-03-28,0.7271
2014-03-31,0.7258
2014-04-01,0.7244
2014-04-02,0.7267
2014-04-03,0.7295
2014-04-04,0.7297
2014-04-07,0.7275
2014-04-08,0.7245
2014-04-09,0.7238
2014-04-10,0.7198
2014-04-11,0.7195
2014-04-14,0.7234
2014-04-15,0.7243
2014-04-16,0.7236
2014-04-17,0.7230
2014-04-18,0.7238
2014-04-21,0.7252
2014-04-22,0.7244
2014-04-23,0.7239
2014-04-24,0.7232
2014-04-25,0.7226
2014-04-28,0.7223
2014-04-29,0.7242
2014-04-30,0.7210
2014-05-01,0.7211
2014-05-02,0.7213
2014-05-05,0.7203
2014-05-06,0.7182
2014-05-07,0.7185
2014-05-08,0.7213
2014-05-09,0.7266
2014-05-12,0.7267
2014-05-13,0.7293
2014-05-14,0.7290
2014-05-15,0.7293
2014-05-16,0.7295
2014-05-19,0.7291
2014-05-20,0.7298
2014-05-21,0.7322
2014-05-22,0.7325
2014-05-23,0.7338
2014-05-26,0.7341
2014-05-27,0.7343
2014-05-28,0.7355
2014-05-29,0.7349
2014-05-30,0.7331
2014-06-02,0.7350
2014-06-03,0.7340
2014-06-04,0.7343
2014-06-05,0.7343
2014-06-06,0.7332
2014-06-09,0.7359
2014-06-10,0.7384
2014-06-11,0.7390
2014-06-12,0.7377
2014-06-13,0.7395
2014-06-16,0.7365
2014-06-17,0.7384
2014-06-18,0.7371
2014-06-19,0.7342
2014-06-20,0.7361
2014-06-23,0.7357
2014-06-24,0.7359
2014-06-25,0.7332
2014-06-26,0.7348
2014-06-27,0.7336
2014-06-30,0.7305
2014-07-01,0.7309
2014-07-02,0.7323
2014-07-03,0.7348
2014-07-04,0.7349
2014-07-07,0.7351
2014-07-08,0.7345
2014-07-09,0.7337
2014-07-10,0.7353
2014-07-11,0.7354
2014-07-14,0.7342
2014-07-15,0.7368
2014-07-16,0.7391
2014-07-17,0.7391
2014-07-18,0.7399
2014-07-21,0.7394
2014-07-22,0.7424
2014-07-23,0.7428
2014-07-24,0.7425
2014-07-25,0.7445
2014-07-28,0.7440
2014-07-29,0.7457
2014-07-30,0.7475
2014-07-31,0.7468
2014-08-01,0.7443
2014-08-04,0.7455
2014-08-05,0.7482
2014-08-06,0.7488
2014-08-07,0.7484
2014-08-08,0.7456
2014-08-11,0.7471
2014-08-12,0.7487
2014-08-13,0.7481
2014-08-14,0.7476
2014-08-15,0.7467
2014-08-18,0.7486
2014-08-19,0.7508
2014-08-20,0.7528
2014-08-21,0.7528
2014-08-22,0.7555
2014-08-25,0.7572
2014-08-26,0.7582
2014-08-27,0.7580
2014-08-28,0.7588
2014-08-29,0.7605
2014-09-01,0.7612
2014-09-02,0.7620
2014-09-03,0.7613
2014-09-04,0.7736
2014-09-05,0.7718
2014-09-08,0.7723
2014-09-09,0.7747
2014-09-10,0.7747
2014-09-11,0.7730
2014-09-12,0.7719
2014-09-15,0.7721
2014-09-16,0.7707
2014-09-17,0.7717
2014-09-18,0.7744
2014-09-19,0.7791
2014-09-22,0.7795
2014-09-23,0.7777
2014-09-24,0.7820
2014-09-25,0.7844
2014-09-26,0.7883
2014-09-29,0.7872
2014-09-30,0.7919
2014-10-01,0.7925
2014-10-02,0.7893
2014-10-03,0.7989
2014-10-06,0.7942
2014-10-07,0.7920
2014-10-08,0.7885
2014-10-09,0.7885
2014-10-10,0.7914
2014-10-13,0.7906
2014-10-14,0.7899
2014-10-15,0.7826
2014-10-16,0.7805
2014-10-17,0.7840
2014-10-20,0.7823
2014-10-21,0.7859
2014-10-22,0.7900
2014-10-23,0.7900
2014-10-24,0.7890
2014-10-27,0.7867
2014-10-28,0.7845
2014-10-29,0.7836
2014-10-30,0.7923
2014-10-31,0.7981
2014-11-03,0.8008
2014-11-04,0.7966
2014-11-05,0.8008
2014-11-06,0.8055
2014-11-07,0.8050
2014-11-10,0.8048
2014-11-11,0.8038
2014-11-12,0.8028
2014-11-13,0.8015
2014-11-14,0.8004
2014-11-17,0.8034
2014-11-18,0.7978
2014-11-19,0.7969
2014-11-20,0.7983
2014-11-21,0.8068
2014-11-24,0.8047
2014-11-25,0.8018
2014-11-26,0.7998
2014-11-27,0.8019
2014-11-28,0.8040
2014-12-01,0.8006
2014-12-02,0.8071
2014-12-03,0.8127
2014-12-04,0.8044
2014-12-05,0.8127
2014-12-08,0.8135
2014-12-09,0.8055
2014-12-10,0.8048
2014-12-11,0.8066
2014-12-12,0.8010
2014-12-15,0.8019
2014-12-16,0.7997
2014-12-17,0.8061
2014-12-18,0.8136
2014-12-19,0.8173
2014-12-22,0.8162
2014-12-23,0.8210
2014-12-24,0.8205
2014-12-25,0.8207
2014-12-26,0.8209
2014-12-29,0.8211
2014-12-30,0.8214
2014-12-31,0.8264
2015-01-01,0.8293
2015-01-02,0.8323
2015-01-05,0.8391
2015-01-06,0.8378
2015-01-07,0.8460
2015-01-08,0.8467
2015-01-09,0.8453
2015-01-12,0.8452
2015-01-13,0.8490
2015-01-14,0.8470
2015-01-15,0.8622
2015-01-16,0.8683
2015-01-19,0.8667
2015-01-20,0.8651
2015-01-21,0.8633
2015-01-22,0.8761
2015-01-23,0.8866
2015-01-26,0.8857
2015-01-27,0.8795
2015-01-28,0.8817
2015-01-29,0.8843
2015-01-30,0.8857
2015-02-02,0.8821
2015-02-03,0.8724
2015-02-04,0.8758
2015-02-05,0.8747
2015-02-06,0.8826
2015-02-09,0.8837
2015-02-10,0.8837
2015-02-11,0.8850
2015-02-12,0.8764
2015-02-13,0.8766
2015-02-16,0.8771
2015-02-17,0.8776
2015-02-18,0.8817
2015-02-19,0.8778
2015-02-20,0.8794
2015-02-23,0.8814
2015-02-24,0.8844
2015-02-25,0.8800
2015-02-26,0.8919
2015-02-27,0.8931
2015-03-02,0.8937
2015-03-03,0.8919
2015-03-04,0.9033
2015-03-05,0.9086
2015-03-06,0.9212
2015-03-09,0.9220
2015-03-10,0.9340
2015-03-11,0.9455
2015-03-12,0.9421
2015-03-13,0.9502
2015-03-16,0.9456
2015-03-17,0.9430
2015-03-18,0.9396
2015-03-19,0.9415
2015-03-20,0.9266
2015-03-23,0.9151
2015-03-24,0.9168
2015-03-25,0.9102
2015-03-26,0.9158
2015-03-27,0.9182
2015-03-30,0.9244
2015-03-31,0.9310
2015-04-01,0.9287
2015-04-02,0.9196
2015-04-03,0.9099
2015-04-06,0.9084
2015-04-07,0.9217
2015-04-08,0.9244
2015-04-09,0.9371
2015-04-10,0.9436
2015-04-13,0.9450
2015-04-14,0.9370
2015-04-15,0.9438
2015-04-16,0.9309
2015-04-17,0.9276
2015-04-20,0.9291
2015-04-21,0.9295
2015-04-22,0.9321
2015-04-23,0.9257
2015-04-24,0.9195
2015-04-27,0.9181
2015-04-28,0.9108
2015-04-29,0.8949
2015-04-30,0.8959
2015-05-01,0.8933
2015-05-04,0.8973
2015-05-05,0.8949
2015-05-06,0.8814
2015-05-07,0.8863
2015-05-08,0.8896
2015-05-11,0.8975
2015-05-12,0.8897
2015-05-13,0.8794
2015-05-14,0.8797
2015-05-15,0.8750
2015-05-18,0.8807
2015-05-19,0.8968
2015-05-20,0.9026
2015-05-21,0.8988
2015-05-22,0.9064
2015-05-25,0.9129
2015-05-26,0.9195
2015-05-27,0.9184
2015-05-28,0.9163
2015-05-29,0.9096
2015-06-01,0.9163
2015-06-02,0.8985
2015-06-03,0.8861
2015-06-04,0.8872
2015-06-05,0.9003
2015-06-08,0.8903
2015-06-09,0.8862
2015-06-10,0.8844
2015-06-11,0.8900
2015-06-12,0.8867
2015-06-15,0.8876
2015-06-16,0.8898
2015-06-17,0.8894
2015-06-18,0.8769
2015-06-19,0.8822
2015-06-22,0.8789
2015-06-23,0.8937
2015-06-24,0.8946
2015-06-25,0.8932
2015-06-26,0.8964
2015-06-29,0.8945
2015-06-30,0.8965
2015-07-01,0.9022
2015-07-02,0.9017
2015-07-03,0.9023
2015-07-06,0.9029
2015-07-07,0.9131
2015-07-08,0.9032
2015-07-09,0.9070
2015-07-10,0.8969
2015-07-13,0.9074
2015-07-14,0.9079
2015-07-15,0.9120
2015-07-16,0.9176
2015-07-17,0.9218
2015-07-20,0.9217
2015-07-21,0.9152
2015-07-22,0.9188
2015-07-23,0.9111
2015-07-24,0.9111
2015-07-27,0.8999
2015-07-28,0.9046
2015-07-29,0.9069
2015-07-30,0.9163
2015-07-31,0.9068
2015-08-03,0.9122
2015-08-04,0.9130
2015-08-05,0.9201
2015-08-06,0.9156
2015-08-07,0.9126
2015-08-10,0.9096
2015-08-11,0.9056
2015-08-12,0.8930
2015-08-13,0.8973
2015-08-14,0.9001
2015-08-17,0.9027
2015-08-18,0.9068
2015-08-19,0.9041
2015-08-20,0.8929
2015-08-21,0.8806
2015-08-24,0.8636
2015-08-25,0.8764
2015-08-26,0.8780
2015-08-27,0.8898
2015-08-28,0.8951
2015-08-31,0.8933
2015-09-01,0.8879
2015-09-02,0.8895
2015-09-03,0.9006
2015-09-04,0.8995
2015-09-07,0.8969
2015-09-08,0.8943
2015-09-09,0.8957
2015-09-10,0.8879
2015-09-11,0.8820
2015-09-14,0.8844
2015-09-15,0.8881
2015-09-16,0.8846
2015-09-17,0.8840
2015-09-18,0.8804
2015-09-21,0.8925
2015-09-22,0.8982
2015-09-23,0.8961
2015-09-24,0.8887
2015-09-25,0.8935
2015-09-28,0.8900
2015-09-29,0.8892
2015-09-30,0.8959
2015-10-01,0.8929
2015-10-02,0.8868
2015-10-05,0.8929
2015-10-06,0.8876
2015-10-07,0.8890
2015-10-08,0.8864
2015-10-09,0.8800
2015-10-12,0.8793
2015-10-13,0.8786
2015-10-14,0.8744
2015-10-15,0.8758
2015-10-16,0.8803
2015-10-19,0.8834
2015-10-20,0.8804
2015-10-21,0.8814
2015-10-22,0.8977
2015-10-23,0.9078
2015-10-26,0.9049
2015-10-27,0.9048
2015-10-28,0.9037
2015-10-29,0.9122
2015-10-30,0.9056
2015-11-02,0.9069
2015-11-03,0.9136
2015-11-04,0.9207
2015-11-05,0.9200
2015-11-06,0.9306
2015-11-09,0.9288
2015-11-10,0.9358
2015-11-11,0.9322
2015-11-12,0.9287
2015-11-13,0.9327
2015-11-16,0.9339
2015-11-17,0.9404
2015-11-18,0.9400
2015-11-19,0.9306
2015-11-20,0.9381
2015-11-23,0.9432
2015-11-24,0.9388
2015-11-25,0.9420
2015-11-26,0.9429
2015-11-27,0.9438
2015-11-30,0.9468
2015-12-01,0.9416
2015-12-02,0.9458
2015-12-03,0.9173
2015-12-04,0.9188
2015-12-07,0.9225
2015-12-08,0.9195
2015-12-09,0.9104
2015-12-10,0.9134
2015-12-11,0.9089
2015-12-14,0.9070
2015-12-15,0.9165
2015-12-16,0.9143
2015-12-17,0.9256
2015-12-18,0.9219
2015-12-21,0.9158
2015-12-22,0.9109
2015-12-23,0.9195
2015-12-24,0.9128
2015-12-25,0.9117
2015-12-28,0.9105
2015-12-29,0.9161
2015-12-30,0.9164
2015-12-31,0.9209
2016-01-01,0.9233
2016-01-04,0.9257
2016-01-05,0.9308
2016-01-06,0.9292
2016-01-07,0.9208
2016-01-08,0.9187
2016-01-11,0.9193
2016-01-12,0.9228
2016-01-13,0.9206
2016-01-14,0.9206
2016-01-15,0.9121
2016-01-18,0.9145
2016-01-19,0.9169
2016-01-20,0.9168
2016-01-21,0.9231
2016-01-22,0.9247
2016-01-25,0.9232
2016-01-26,0.9220
2016-01-27,0.9202
2016-01-28,0.9131
2016-01-29,0.9232
2016-02-01,0.9184
2016-02-02,0.9168
2016-02-03,0.9049
2016-02-04,0.8929
2016-02-05,0.8984
2016-02-08,0.8953
2016-02-09,0.8850
2016-02-10,0.8911
2016-02-11,0.8801
2016-02-12,0.8901
2016-02-15,0.8939
2016-02-16,0.8977
2016-02-17,0.8977
2016-02-18,0.9016
2016-02-19,0.8987
2016-02-22,0.9076
2016-02-23,0.9078
2016-02-24,0.9074
2016-02-25,0.9069
2016-02-26,0.9147
2016-02-29,0.9201
2016-03-01,0.9219
2016-03-02,0.9221
2016-03-03,0.9134
2016-03-04,0.9083
2016-03-07,0.9088
2016-03-08,0.9068
2016-03-09,0.9073
2016-03-10,0.8959
2016-03-11,0.8945
2016-03-14,0.9003
2016-03-15,0.8999
2016-03-16,0.9029
2016-03-17,0.8837
2016-03-18,0.8856
2016-03-21,0.8881
2016-03-22,0.8906
2016-03-23,0.8949
2016-03-24,0.8958
2016-03-25,0.8957
2016-03-28,0.8921
2016-03-29,0.8925
2016-03-30,0.8826
2016-03-31,0.8780
2016-04-01,0.8783
2016-04-04,0.8783
2016-04-05,0.8792
2016-04-06,0.8749
2016-04-07,0.8783
2016-04-08,0.8767
2016-04-11,0.8763
2016-04-12,0.8776
2016-04-13,0.8864
2016-04-14,0.8879
2016-04-15,0.8853
2016-04-18,0.8832
2016-04-19,0.8791
2016-04-20,0.8826
2016-04-21,0.8849
2016-04-22,0.8898
2016-04-25,0.8870
2016-04-26,0.8835
2016-04-27,0.8832
2016-04-28,0.8830
2016-04-29,0.8740
2016-05-02,0.8684
2016-05-03,0.8690
2016-05-04,0.8706
2016-05-05,0.8769
2016-05-06,0.8756
2016-05-09,0.8770
2016-05-10,0.8783
2016-05-11,0.8738
2016-05-12,0.8787
2016-05-13,0.8854
2016-05-16,0.8828
2016-05-17,0.8821
2016-05-18,0.8868
2016-05-19,0.8917
2016-05-20,0.8923
2016-05-23,0.8935
2016-05-24,0.8973
2016-05-25,0.8965
2016-05-26,0.8941
2016-05-27,0.8977
2016-05-30,0.8979
2016-05-31,0.8981
2016-06-01,0.8957
2016-06-02,0.8963
2016-06-03,0.8826
2016-06-06,0.8807
2016-06-07,0.8811
2016-06-08,0.8772
2016-06-09,0.8827
2016-06-10,0.8864
2016-06-13,0.8864
2016-06-14,0.8924
2016-06-15,0.8898
2016-06-16,0.8962
2016-06-17,0.8884
2016-06-20,0.8835
2016-06-21,0.8879
2016-06-22,0.8861
2016-06-23,0.8793
2016-06-24,0.8988
2016-06-27,0.9071
2016-06-28,0.9046
2016-06-29,0.8995
2016-06-30,0.9065
2016-07-01,0.8973
2016-07-04,0.8999
2016-07-05,0.9025
2016-07-06,0.9028
2016-07-07,0.9038
2016-07-08,0.9060
2016-07-11,0.9054
2016-07-12,0.9030
2016-07-13,0.8999
2016-07-14,0.9002
2016-07-15,0.9042
2016-07-18,0.9029
2016-07-19,0.9079
2016-07-20,0.9085
2016-07-21,0.9078
2016-07-22,0.9117
2016-07-25,0.9107
2016-07-26,0.9104
2016-07-27,0.9101
2016-07-28,0.9014
2016-07-29,0.8954
2016-08-01,0.8948
2016-08-02,0.8909
2016-08-03,0.8953
2016-08-04,0.8981
2016-08-05,0.9025
2016-08-08,0.9027
2016-08-09,0.9001
2016-08-10,0.8952
2016-08-11,0.8954
2016-08-12,0.8951
2016-08-15,0.8929
2016-08-16,0.8868
2016-08-17,0.8879
2016-08-18,0.8823
2016-08-19,0.8829
2016-08-22,0.8839
2016-08-23,0.8843
2016-08-24,0.8884
2016-08-25,0.8870
2016-08-26,0.8899
2016-08-29,0.8943
2016-08-30,0.8969
2016-08-31,0.8972
2016-09-01,0.8933
2016-09-02,0.8962
2016-09-05,0.8931
2016-09-06,0.8899
2016-09-07,0.8898
2016-09-08,0.8884
2016-09-09,0.8917
2016-09-12,0.8905
2016-09-13,0.8895
2016-09-14,0.8872
2016-09-15,0.8892
2016-09-16,0.8961
2016-09-19,0.8945
2016-09-20,0.8951
2016-09-21,0.8957
2016-09-22,0.8906
2016-09-23,0.8910
2016-09-26,0.8873
2016-09-27,0.8922
2016-09-28,0.8929
2016-09-29,0.8894
2016-09-30,0.8898
2016-10-03,0.8921
2016-10-04,0.8919
2016-10-05,0.8932
2016-10-06,0.8962
2016-10-07,0.8964
2016-10-10,0.9002
2016-10-11,0.9040
2016-10-12,0.9079
2016-10-13,0.9060
2016-10-14,0.9103
2016-10-17,0.9091
2016-10-18,0.9093
2016-10-19,0.9119
2016-10-20,0.9146
2016-10-21,0.9203
2016-10-24,0.9184
2016-10-25,0.9183
2016-10-26,0.9161
2016-10-27,0.9171
2016-10-28,0.9146
2016-10-31,0.9122
2016-11-01,0.9056
2016-11-02,0.8994
2016-11-03,0.9014
2016-11-04,0.8992
2016-11-07,0.9060
2016-11-08,0.9063
2016-11-09,0.9131
2016-11-10,0.9189
2016-11-11,0.9257
2016-11-14,0.9326
2016-11-15,0.9323
2016-11-16,0.9347
2016-11-17,0.9384
2016-11-18,0.9434
2016-11-21,0.9437
2016-11-22,0.9418
2016-11-23,0.9470
2016-11-24,0.9454
2016-11-25,0.9438
2016-11-28,0.9455
2016-11-29,0.9411
2016-11-30,0.9454
2016-12-01,0.9404
2016-12-02,0.9376
2016-12-05,0.9326
2016-12-06,0.9331
2016-12-07,0.9295
2016-12-08,0.9412
2016-12-09,0.9487
2016-12-12,0.9429
2016-12-13,0.9403
2016-12-14,0.9384
2016-12-15,0.9639
2016-12-16,0.9564
2016-12-19,0.9575
2016-12-20,0.9625
2016-12-21,0.9592
2016-12-22,0.9568
2016-12-23,0.9570
2016-12-26,0.9566
2016-12-27,0.9562
2016-12-28,0.9626
2016-12-29,0.9537
2016-12-30,0.9477
2017-01-02,0.9538
2017-01-03,0.9601
2017-01-04,0.9546
2017-01-05,0.9436
2017-01-06,0.9470
2017-01-09,0.9455
2017-01-10,0.9459
2017-01-11,0.9523
2017-01-12,0.9376
2017-01-13,0.9412
2017-01-16,0.9381
2017-01-17,0.9350
2017-01-18,0.9362
2017-01-19,0.9407
2017-01-20,0.9359
2017-01-23,0.9311
2017-01-24,0.9303
2017-01-25,0.9308
2017-01-26,0.9372
2017-01-27,0.9355
2017-01-30,0.9362
2017-01-31,0.9264
2017-02-01,0.9295
2017-02-02,0.9258
2017-02-03,0.9266
2017-02-06,0.9319
2017-02-07,0.9355
2017-02-08,0.9339
2017-02-09,0.9383
2017-02-10,0.9390
2017-02-13,0.9431
2017-02-14,0.9454
2017-02-15,0.9437
2017-02-16,0.9381
2017-02-17,0.9422
2017-02-20,0.9450
2017-02-21,0.9478
2017-02-22,0.9474
2017-02-23,0.9446
2017-02-24,0.9452
2017-02-27,0.9413
2017-02-28,0.9418
2017-03-01,0.9466
2017-03-02,0.9511
2017-03-03,0.9477
2017-03-06,0.9446
2017-03-07,0.9450
2017-03-08,0.9481
2017-03-09,0.9446
2017-03-10,0.9375
2017-03-13,0.9372
2017-03-14,0.9394
2017-03-15,0.9407
2017-03-16,0.9313
2017-03-17,0.9309
2017-03-20,0.9299
2017-03-21,0.9251
2017-03-22,0.9259
2017-03-23,0.9270
2017-03-24,0.9254
2017-03-27,0.9189
2017-03-28,0.9215
2017-03-29,0.9297
2017-03-30,0.9323
2017-03-31,0.9348
2017-04-03,0.9385
2017-04-04,0.9377
2017-04-05,0.9380
2017-04-06,0.9389
2017-04-07,0.9420
2017-04-10,0.9429
2017-04-11,0.9422
2017-04-12,0.9424
2017-04-13,0.9407
2017-04-14,0.9412
2017-04-17,0.9381
2017-04-18,0.9341
2017-04-19,0.9340
2017-04-20,0.9295
2017-04-21,0.9351
2017-04-24,0.9220
2017-04-25,0.9140
2017-04-26,0.9198
2017-04-27,0.9205
2017-04-28,0.9179
2017-05-01,0.9164
2017-05-02,0.9166
2017-05-03,0.9158
2017-05-04,0.9118
2017-05-05,0.9094
2017-05-08,0.9151
2017-05-09,0.9195
2017-05-10,0.9197
2017-05-11,0.9200
2017-05-12,0.9152
2017-05-15,0.9108
2017-05-16,0.9032
2017-05-17,0.8981
2017-05-18,0.8985
2017-05-19,0.8937
2017-05-22,0.8900
2017-05-23,0.8930
2017-05-24,0.8949
2017-05-25,0.8914
2017-05-26,0.8953
2017-05-29,0.8947
2017-05-30,0.8942
2017-05-31,0.8900
2017-06-01,0.8917
2017-06-02,0.8873
2017-06-05,0.8889
2017-06-06,0.8876
2017-06-07,0.8900
2017-06-08,0.8915
2017-06-09,0.8937
2017-06-12,0.8925
2017-06-13,0.8933
2017-06-14,0.8868
2017-06-15,0.8967
2017-06-16,0.8933
2017-06-19,0.8961
2017-06-20,0.8990
2017-06-21,0.8974
2017-06-22,0.8970
2017-06-23,0.8932
2017-06-26,0.8932
2017-06-27,0.8850
2017-06-28,0.8800
2017-06-29,0.8757
2017-06-30,0.8763
2017-07-03,0.8797
2017-07-04,0.8809
2017-07-05,0.8821
2017-07-06,0.8765
2017-07-07,0.8775
2017-07-10,0.8775
2017-07-11,0.8749
2017-07-12,0.8763
2017-07-13,0.8783
2017-07-14,0.8732
2017-07-17,0.8718
2017-07-18,0.8637
2017-07-19,0.8682
2017-07-20,0.8595
2017-07-21,0.8580
2017-07-24,0.8590
2017-07-25,0.8579
2017-07-26,0.8597
2017-07-27,0.8579
2017-07-28,0.8508
2017-07-31,0.8456
2017-08-01,0.8475
2017-08-02,0.8431
2017-08-03,0.8418
2017-08-04,0.8508
2017-08-07,0.8483
2017-08-08,0.8530
2017-08-09,0.8512
2017-08-10,0.8510
2017-08-11,0.8467
2017-08-14,0.8485
2017-08-15,0.8521
2017-08-16,0.8545
2017-08-17,0.8521
2017-08-18,0.8512
2017-08-21,0.8465
2017-08-22,0.8502
2017-08-23,0.8473
2017-08-24,0.8474
2017-08-25,0.8422
2017-08-28,0.8352
2017-08-29,0.8316
2017-08-30,0.8384
2017-08-31,0.8408
2017-09-01,0.8419
2017-09-04,0.8407
2017-09-05,0.8396
2017-09-06,0.8373
2017-09-07,0.8314
2017-09-08,0.8305
2017-09-11,0.8358
2017-09-12,0.8356
2017-09-13,0.8405
2017-09-14,0.8413
2017-09-15,0.8362
2017-09-18,0.8377
2017-09-19,0.8347
2017-09-20,0.8335
2017-09-21,0.8371
2017-09-22,0.8355
2017-09-25,0.8437
2017-09-26,0.8495
2017-09-27,0.8513
2017-09-28,0.8492
2017-09-29,0.8465
2017-10-02,0.8514
2017-10-03,0.8504
2017-10-04,0.8503
2017-10-05,0.8543
2017-10-06,0.8524
2017-10-09,0.8498
2017-10-10,0.8472
2017-10-11,0.8441
2017-10-12,0.8446
2017-10-13,0.8448
2017-10-16,0.8467
2017-10-17,0.8508
2017-10-18,0.8493
2017-10-19,0.8445
2017-10-20,0.8496
2017-10-23,0.8502
2017-10-24,0.8499
2017-10-25,0.8473
2017-10-26,0.8547
2017-10-27,0.8636
2017-10-30,0.8601
2017-10-31,0.8585
2017-11-01,0.8607
2017-11-02,0.8568
2017-11-03,0.8609
2017-11-06,0.8621
2017-11-07,0.8638
2017-11-08,0.8627
2017-11-09,0.8585
2017-11-10,0.8582
2017-11-13,0.8579
2017-11-14,0.8501
2017-11-15,0.8479
2017-11-16,0.8495
2017-11-17,0.8475
2017-11-20,0.8517
2017-11-21,0.8517
2017-11-22,0.8482
2017-11-23,0.8430
2017-11-24,0.8378
2017-11-27,0.8396
2017-11-28,0.8419
2017-11-29,0.8433
2017-11-30,0.8405
2017-12-01,0.8396
2017-12-04,0.8440
2017-12-05,0.8460
2017-12-06,0.8483
2017-12-07,0.8482
2017-12-08,0.8503
2017-12-11,0.8473
2017-12-12,0.8529
2017-12-13,0.8502
2017-12-14,0.8490
2017-12-15,0.8490
2017-12-18,0.8472
2017-12-19,0.8459
2017-12-20,0.8417
2017-12-21,0.8423
2017-12-22,0.8447
2017-12-25,0.8437
2017-12-26,0.8427
2017-12-27,0.8402
2017-12-28,0.8367
2017-12-29,0.8318
2018-01-01,0.8308
2018-01-02,0.8299
2018-01-03,0.8313
2018-01-04,0.8289
2018-01-05,0.8306
2018-01-08,0.8352
2018-01-09,0.8388
2018-01-10,0.8363
2018-01-11,0.8309
2018-01-12,0.8244
2018-01-15,0.8205
2018-01-16,0.8167
2018-01-17,0.8177
2018-01-18,0.8171
2018-01-19,0.8171
2018-01-22,0.8177
2018-01-23,0.8145
2018-01-24,0.8071
2018-01-25,0.8008
2018-01-26,0.8050
2018-01-29,0.8096
2018-01-30,0.8071
2018-01-31,0.8046
2018-02-01,0.8012
2018-02-02,0.8035
2018-02-05,0.8053
2018-02-06,0.8077
2018-02-07,0.8143
2018-02-08,0.8171
2018-02-09,0.8179
2018-02-12,0.8152
2018-02-13,0.8089
2018-02-14,0.8067
2018-02-15,0.8012
2018-02-16,0.8037
2018-02-19,0.8068
2018-02-20,0.8098
2018-02-21,0.8121
2018-02-22,0.8113
2018-02-23,0.8131
2018-02-26,0.8133
2018-02-27,0.8171
2018-02-28,0.8189
2018-03-01,0.8186
2018-03-02,0.8121
2018-03-05,0.8110
2018-03-06,0.8055
2018-03-07,0.8066
2018-03-08,0.8121
2018-03-09,0.8113
2018-03-12,0.8118
2018-03-13,0.8066
2018-03-14,0.8089
2018-03-15,0.8116
2018-03-16,0.8143
2018-03-19,0.8111
2018-03-20,0.8149
2018-03-21,0.8151
2018-03-22,0.8123
2018-03-23,0.8091
2018-03-26,0.8039
2018-03-27,0.8058
2018-03-28,0.8097
2018-03-29,0.8132
2018-03-30,0.8117
2018-04-02,0.8138
2018-04-03,0.8156
2018-04-04,0.8135
2018-04-05,0.8177
2018-04-06,0.8147
2018-04-09,0.8117
2018-04-10,0.8105
2018-04-11,0.8075
2018-04-12,0.8117
2018-04-13,0.8116
2018-04-16,0.8082
2018-04-17,0.8100
2018-04-18,0.8078
2018-04-19,0.8106
2018-04-20,0.8142
2018-04-23,0.8186
2018-04-24,0.8179
2018-04-25,0.8212
2018-04-26,0.8256
2018-04-27,0.8259
2018-04-30,0.8282
2018-05-01,0.8333
2018-05-02,0.8356
2018-05-03,0.8354
2018-05-04,0.8371
2018-05-07,0.8384
2018-05-08,0.8430
2018-05-09,0.8437
2018-05-10,0.8406
2018-05-11,0.8368
2018-05-14,0.8350
2018-05-15,0.8429
2018-05-16,0.8483
2018-05-17,0.8476
2018-05-18,0.8493
2018-05-21,0.8498
2018-05-22,0.8487
2018-05-23,0.8552
2018-05-24,0.8526
2018-05-25,0.8572
2018-05-28,0.8614
2018-05-29,0.8657
2018-05-30,0.8573
2018-05-31,0.8569
2018-06-01,0.8562
2018-06-04,0.8550
2018-06-05,0.8568
2018-06-06,0.8490
2018-06-07,0.8464
2018-06-08,0.8494
2018-06-11,0.8473
2018-06-12,0.8480
2018-06-13,0.8486
2018-06-14,0.8595
2018-06-15,0.8609
2018-06-18,0.8616
2018-06-19,0.8638
2018-06-20,0.8627
2018-06-21,0.8621
2018-06-22,0.8598
2018-06-25,0.8551
2018-06-26,0.8565
2018-06-27,0.8630
2018-06-28,0.8634
2018-06-29,0.8564
2018-07-02,0.8618
2018-07-03,0.8581
2018-07-04,0.8565
2018-07-05,0.8549
2018-07-06,0.8519
2018-07-09,0.8515
2018-07-10,0.8527
2018-07-11,0.8531
2018-07-12,0.8553
2018-07-13,0.8571
2018-07-16,0.8540
2018-07-17,0.8573
2018-07-18,0.8587
2018-07-19,0.8618
2018-07-20,0.8541
2018-07-23,0.8546
2018-07-24,0.8559
2018-07-25,0.8564
2018-07-26,0.8581
2018-07-27,0.8576
2018-07-30,0.8534
2018-07-31,0.8543
2018-08-01,0.8572
2018-08-02,0.8612
2018-08-03,0.8623
2018-08-06,0.8648
2018-08-07,0.8623
2018-08-08,0.8622
2018-08-09,0.8646
2018-08-10,0.8773
2018-08-13,0.8775
2018-08-14,0.8810
2018-08-15,0.8825
2018-08-16,0.8781
2018-08-17,0.8764
2018-08-20,0.8743
2018-08-21,0.8670
2018-08-22,0.8624
2018-08-23,0.8645
2018-08-24,0.8602
2018-08-27,0.8565
2018-08-28,0.8532
2018-08-29,0.8548
2018-08-30,0.8587
2018-08-31,0.8624
2018-09-03,0.8635
2018-09-04,0.8646
2018-09-05,0.8606
2018-09-06,0.8603
2018-09-07,0.8642
2018-09-10,0.8618
2018-09-11,0.8627
2018-09-12,0.8601
2018-09-13,0.8568
2018-09-14,0.8579
2018-09-17,0.8557
2018-09-18,0.8552
2018-09-19,0.8558
2018-09-20,0.8515
2018-09-21,0.8519
2018-09-24,0.8494
2018-09-25,0.8496
2018-09-26,0.8505
2018-09-27,0.8569
2018-09-28,0.8604
2018-10-01,0.8645
2018-10-02,0.8651
2018-10-03,0.8677
2018-10-04,0.8690
2018-10-05,0.8694
2018-10-08,0.8702
2018-10-09,0.8709
2018-10-10,0.8665
2018-10-11,0.8647
2018-10-12,0.8651
2018-10-15,0.8625
2018-10-16,0.8626
2018-10-17,0.8666
2018-10-18,0.8700
2018-10-19,0.8686
2018-10-22,0.8721
2018-10-23,0.8711
2018-10-24,0.8780
2018-10-25,0.8792
2018-10-26,0.8781
2018-10-29,0.8780
2018-10-30,0.8800
2018-10-31,0.8825
2018-11-01,0.8775
2018-11-02,0.8789
2018-11-05,0.8777
2018-11-06,0.8763
2018-11-07,0.8727
2018-11-08,0.8760
2018-11-09,0.8830
2018-11-12,0.8844
2018-11-13,0.8859
2018-11-14,0.8840
2018-11-15,0.8831
2018-11-16,0.8770
2018-11-19,0.8735
2018-11-20,0.8779
2018-11-21,0.8777
2018-11-22,0.8801
2018-11-23,0.8825
2018-11-26,0.8821
2018-11-27,0.8864
2018-11-28,0.8861
2018-11-29,0.8786
2018-11-30,0.8832
2018-12-03,0.8806
2018-12-04,0.8814
2018-12-05,0.8803
2018-12-06,0.8792
2018-12-07,0.8780
2018-12-10,0.8797
2018-12-11,0.8839
2018-12-12,0.8801
2018-12-13,0.8804
2018-12-14,0.8850
2018-12-17,0.8819
2018-12-18,0.8800
2018-12-19,0.8755
2018-12-20,0.8747
2018-12-21,0.8770
2018-12-24,0.8769
2018-12-25,0.8767
2018-12-26,0.8766
2018-12-27,0.8763
2018-12-28,0.8737
2018-12-31,0.8729
2019-01-01,0.8767
2019-01-02,0.8805
2019-01-03,0.8773
2019-01-04,0.8764
2019-01-07,0.8720
2019-01-08,0.8738
2019-01-09,0.8678
2019-01-10,0.8683
2019-01-11,0.8712
2019-01-14,0.8745
2019-01-15,0.8778
2019-01-16,0.8766
2019-01-17,0.8783
2019-01-18,0.8801
2019-01-21,0.8802
2019-01-22,0.8804
2019-01-23,0.8780
2019-01-24,0.8832
2019-01-25,0.8767
2019-01-28,0.8743
2019-01-29,0.8754
2019-01-30,0.8758
2019-01-31,0.8731
2019-02-01,0.8715
2019-02-04,0.8743
2019-02-05,0.8767
2019-02-06,0.8787
2019-02-07,0.8805
2019-02-08,0.8829
2019-02-11,0.8868
2019-02-12,0.8837
2019-02-13,0.8859
2019-02-14,0.8862
2019-02-15,0.8875
2019-02-18,0.8851
2019-02-19,0.8828
2019-02-20,0.8824
2019-02-21,0.8820
2019-02-22,0.8817
2019-02-25,0.8814
2019-02-26,0.8792
2019-02-27,0.8795
2019-02-28,0.8788
2019-03-01,0.8790
2019-03-04,0.8828
2019-03-05,0.8850
2019-03-06,0.8834
2019-03-07,0.8917
2019-03-08,0.8894
2019-03-11,0.8908
2019-03-12,0.8868
2019-03-13,0.8842
2019-03-14,0.8846
2019-03-15,0.8829
2019-03-18,0.8821
2019-03-19,0.8814
2019-03-20,0.8809
2019-03-21,0.8802
2019-03-22,0.8864
2019-03-25,0.8831
2019-03-26,0.8865
2019-03-27,0.8889
2019-03-28,0.8900
2019-03-29,0.8906
2019-04-01,0.8921
2019-04-02,0.8940
2019-04-03,0.8895
2019-04-04,0.8916
2019-04-05,0.8915
2019-04-08,0.8879
2019-04-09,0.8867
2019-04-10,0.8876
2019-04-11,0.8879
2019-04-12,0.8846
2019-04-15,0.8846
2019-04-16,0.8855
2019-04-17,0.8852
2019-04-18,0.8896
2019-04-19,0.8892
2019-04-22,0.8883
2019-04-23,0.8918
2019-04-24,0.8935
2019-04-25,0.8977
2019-04-26,0.8965
2019-04-29,0.8956
2019-04-30,0.8928
2019-05-01,0.8892
2019-05-02,0.8941
2019-05-03,0.8940
2019-05-06,0.8931
2019-05-07,0.8946
2019-05-08,0.8924
2019-05-09,0.8906
2019-05-10,0.8896
2019-05-13,0.8903
2019-05-14,0.8923
2019-05-15,0.8922
2019-05-16,0.8946
2019-05-17,0.8956
2019-05-20,0.8953
2019-05-21,0.8962
2019-05-22,0.8964
2019-05-23,0.8951
2019-05-24,0.8931
2019-05-27,0.8939
2019-05-28,0.8947
2019-05-29,0.8980
2019-05-30,0.8977
2019-05-31,0.8969
2019-06-03,0.8924
2019-06-04,0.8900
2019-06-05,0.8895
2019-06-06,0.8854
2019-06-07,0.8831
2019-06-10,0.8841
2019-06-11,0.8837
2019-06-12,0.8842
2019-06-13,0.8869
2019-06-14,0.8915
2019-06-17,0.8901
2019-06-18,0.8932
2019-06-19,0.8917
2019-06-20,0.8862
2019-06-21,0.8828
2019-06-24,0.8777
2019-06-25,0.8783
2019-06-26,0.8780
2019-06-27,0.8794
2019-06-28,0.8792
2019-07-01,0.8844
2019-07-02,0.8849
2019-07-03,0.8869
2019-07-04,0.8892
2019-07-05,0.8916
2019-07-08,0.8922
2019-07-09,0.8921
2019-07-10,0.8881
2019-07-11,0.8880
2019-07-12,0.8886
2019-07-15,0.8881
2019-07-16,0.8919
2019-07-17,0.8903
2019-07-18,0.8906
2019-07-19,0.8913
2019-07-22,0.8917
2019-07-23,0.8964
2019-07-24,0.8976
2019-07-25,0.8964
2019-07-26,0.8992
2019-07-29,0.8975
2019-07-30,0.8970
2019-07-31,0.8985
2019-08-01,0.9040
2019-08-02,0.8999
2019-08-05,0.8931
2019-08-06,0.8932
2019-08-07,0.8900
2019-08-08,0.8921
2019-08-09,0.8911
2019-08-12,0.8919
2019-08-13,0.8943
2019-08-14,0.8973
2019-08-15,0.9004
2019-08-16,0.9016
2019-08-19,0.9012
2019-08-20,0.9016
2019-08-21,0.9011
2019-08-22,0.9018
2019-08-23,0.8970
2019-08-26,0.8999
2019-08-27,0.9014
2019-08-28,0.9022
2019-08-29,0.9042
2019-08-30,0.9100
2019-09-02,0.9109
2019-09-03,0.9117
2019-09-04,0.9070
2019-09-05,0.9060
2019-09-06,0.9056
2019-09-09,0.9045
2019-09-10,0.9056
2019-09-11,0.9090
2019-09-12,0.9030
2019-09-13,0.9030
2019-09-16,0.9086
2019-09-17,0.9039
2019-09-18,0.9041
2019-09-19,0.9053
2019-09-20,0.9088
2019-09-23,0.9098
2019-09-24,0.9092
2019-09-25,0.9133
2019-09-26,0.9142
2019-09-27,0.9139
2019-09-30,0.9170
2019-10-01,0.9147
2019-10-02,0.9132
2019-10-03,0.9098
2019-10-04,0.9112
2019-10-07,0.9104
2019-10-08,0.9133
2019-10-09,0.9109
2019-10-10,0.9076
2019-10-11,0.9059
2019-10-14,0.9060
2019-10-15,0.9061
2019-10-16,0.9029
2019-10-17,0.8986
2019-10-18,0.8965
2019-10-21,0.8973
2019-10-22,0.8978
2019-10-23,0.8994
2019-10-24,0.9011
2019-10-25,0.9024
2019-10-28,0.9014
2019-10-29,0.8995
2019-10-30,0.8990
2019-10-31,0.8965
2019-11-01,0.8953
2019-11-04,0.8973
2019-11-05,0.9033
2019-11-06,0.9029
2019-11-07,0.9054
2019-11-08,0.9075
2019-11-11,0.9076
2019-11-12,0.9077
2019-11-13,0.9088
2019-11-14,0.9078
2019-11-15,0.9053
2019-11-18,0.9026
2019-11-19,0.9029
2019-11-20,0.9039
2019-11-21,0.9036
2019-11-22,0.9067
2019-11-25,0.9083
2019-11-26,0.9081
2019-11-27,0.9089
2019-11-28,0.9082
2019-11-29,0.9075
2019-12-02,0.9029
2019-12-03,0.9018
2019-12-04,0.9029
2019-12-05,0.9006
2019-12-06,0.9048
2019-12-09,0.9036
2019-12-10,0.9017
2019-12-11,0.9016
2019-12-12,0.8997
2019-12-13,0.8986
2019-12-16,0.8977
2019-12-17,0.8970
2019-12-18,0.8998
2019-12-19,0.8986
2019-12-20,0.9029
2019-12-23,0.9016
2019-12-24,0.9022
2019-12-25,0.9015
2019-12-26,0.9007
2019-12-27,0.8949
2019-12-30,0.8915
2019-12-31,0.8907
2020-01-01,0.8931
2020-01-02,0.8956
2020-01-03,0.8950
2020-01-06,0.8939
2020-01-07,0.8978
2020-01-08,0.8995
2020-01-09,0.9004
2020-01-10,0.8994
2020-01-13,0.8978
2020-01-14,0.8985
2020-01-15,0.8961
2020-01-16,0.8984
2020-01-17,0.9015
2020-01-20,0.9013
2020-01-21,0.9012
2020-01-22,0.9021
2020-01-23,0.9057
2020-01-24,0.9069
2020-01-27,0.9075
2020-01-28,0.9084
2020-01-29,0.9088
2020-01-30,0.9065
2020-01-31,0.9024
2020-02-03,0.9040
2020-02-04,0.9056
2020-02-05,0.9086
2020-02-06,0.9108
2020-02-07,0.9132
2020-02-10,0.9161
2020-02-11,0.9160
2020-02-12,0.9180
2020-02-13,0.9218
2020-02-14,0.9226
2020-02-17,0.9236
2020-02-18,0.9246
2020-02-19,0.9264
2020-02-20,0.9262
2020-02-21,0.9212
2020-02-24,0.9211
2020-02-25,0.9201
2020-02-26,0.9185
2020-02-27,0.9110
2020-02-28,0.9090
2020-03-02,0.8957
2020-03-03,0.8949
2020-03-04,0.8985
2020-03-05,0.8927
2020-03-06,0.8835
2020-03-09,0.8757
2020-03-10,0.8817
2020-03-11,0.8865
2020-03-12,0.9024
2020-03-13,0.9037
2020-03-16,0.8977
2020-03-17,0.9115
2020-03-18,0.9231
2020-03-19,0.9347
2020-03-20,0.9362
2020-03-23,0.9294
2020-03-24,0.9264
2020-03-25,0.9229
2020-03-26,0.9070
2020-03-27,0.9042
2020-03-30,0.9076
2020-03-31,0.9078
2020-04-01,0.9146
2020-04-02,0.9206
2020-04-03,0.9262
2020-04-06,0.9252
2020-04-07,0.9186
2020-04-08,0.9205
2020-04-09,0.9148
2020-04-10,0.9132
2020-04-13,0.9169
2020-04-14,0.9115
2020-04-15,0.9167
2020-04-16,0.9225
2020-04-17,0.9189
2020-04-20,0.9196
2020-04-21,0.9213
2020-04-22,0.9234
2020-04-23,0.9246
2020-04-24,0.9261
2020-04-27,0.9234
2020-04-28,0.9228
2020-04-29,0.9214
2020-04-30,0.9146
2020-05-01,0.9093
2020-05-04,0.9165
2020-05-05,0.9222
2020-05-06,0.9254
2020-05-07,0.9246
2020-05-08,0.9213
2020-05-11,0.9244
2020-05-12,0.9205
2020-05-13,0.9228
2020-05-14,0.9259
2020-05-15,0.9246
2020-05-18,0.9171
2020-05-19,0.9143
2020-05-20,0.9107
2020-05-21,0.9130
2020-05-22,0.9179
2020-05-25,0.9147
2020-05-26,0.9116
2020-05-27,0.9117
2020-05-28,0.9034
2020-05-29,0.9003
2020-06-01,0.8990
2020-06-02,0.8956
2020-06-03,0.8892
2020-06-04,0.8832
2020-06-05,0.8852
2020-06-08,0.8855
2020-06-09,0.8812
2020-06-10,0.8807
2020-06-11,0.8789
2020-06-12,0.8887
2020-06-15,0.8873
2020-06-16,0.8882
2020-06-17,0.8913
2020-06-18,0.8916
2020-06-19,0.8937
2020-06-22,0.8881
2020-06-23,0.8832
2020-06-24,0.8872
2020-06-25,0.8912
2020-06-26,0.8917
2020-06-29,0.8899
2020-06-30,0.8899
2020-07-01,0.8882
2020-07-02,0.8899
2020-07-03,0.8872
2020-07-06,0.8844
2020-07-07,0.8850
2020-07-08,0.8827
2020-07-09,0.8851
2020-07-10,0.8835
2020-07-13,0.8800
2020-07-14,0.8767
2020-07-15,0.8767
2020-07-16,0.8747
2020-07-17,0.8743
2020-07-20,0.8740
2020-07-21,0.8699
2020-07-22,0.8630
2020-07-23,0.8604
2020-07-24,0.8595
2020-07-27,0.8511
2020-07-28,0.8523
2020-07-29,0.8496
2020-07-30,0.8481
2020-07-31,0.8459
2020-08-03,0.8511
2020-08-04,0.8499
2020-08-05,0.8405
2020-08-06,0.8435
2020-08-07,0.8492
2020-08-10,0.8506
2020-08-11,0.8501
2020-08-12,0.8477
2020-08-13,0.8462
2020-08-14,0.8451
2020-08-17,0.8425
2020-08-18,0.8384
2020-08-19,0.8405
2020-08-20,0.8430
2020-08-21,0.8493
2020-08-24,0.8472
2020-08-25,0.8462
2020-08-26,0.8465
2020-08-27,0.8457
2020-08-28,0.8403
2020-08-31,0.8368
2020-09-01,0.8369
2020-09-02,0.8446
2020-09-03,0.8452
2020-09-04,0.8460
2020-09-07,0.8471
2020-09-08,0.8482
2020-09-09,0.8467
2020-09-10,0.8418
2020-09-11,0.8452
2020-09-14,0.8422
2020-09-15,0.8442
2020-09-16,0.8450
2020-09-17,0.8458
2020-09-18,0.8434
2020-09-21,0.8520
2020-09-22,0.8545
2020-09-23,0.8564
2020-09-24,0.8572
2020-09-25,0.8607
2020-09-28,0.8576
2020-09-29,0.8535
2020-09-30,0.8530
2020-10-01,0.8509
2020-10-02,0.8543
2020-10-05,0.8486
2020-10-06,0.8490
2020-10-07,0.8499
2020-10-08,0.8508
2020-10-09,0.8461
2020-10-12,0.8490
2020-10-13,0.8520
2020-10-14,0.8507
2020-10-15,0.8546
2020-10-16,0.8535
2020-10-19,0.8483
2020-10-20,0.8457
2020-10-21,0.8425
2020-10-22,0.8457
2020-10-23,0.8443
2020-10-26,0.8463
2020-10-27,0.8450
2020-10-28,0.8510
2020-10-29,0.8578
2020-10-30,0.8586
2020-11-02,0.8595
2020-11-03,0.8530
2020-11-04,0.8525
2020-11-05,0.8468
2020-11-06,0.8413
2020-11-09,0.8467
2020-11-10,0.8467
2020-11-11,0.8466
2020-11-12,0.8465
2020-11-13,0.8457
2020-11-16,0.8443
2020-11-17,0.8430
2020-11-18,0.8425
2020-11-19,0.8444
2020-11-20,0.8434
2020-11-23,0.8456
2020-11-24,0.8422
2020-11-25,0.8398
2020-11-26,0.8389
2020-11-27,0.8379
2020-11-30,0.8370
2020-12-01,0.8306
2020-12-02,0.8269
2020-12-03,0.8229
2020-12-04,0.8236
2020-12-07,0.8239
2020-12-08,0.8257
2020-12-09,0.8278
2020-12-10,0.8252
2020-12-11,0.8256
2020-12-14,0.8234
2020-12-15,0.8225
2020-12-16,0.8214
2020-12-17,0.8158
2020-12-18,0.8173
2020-12-21,0.8177
2020-12-22,0.8216
2020-12-23,0.8201
2020-12-24,0.8197
2020-12-25,0.8192
2020-12-28,0.8188
2020-12-29,0.8162
2020-12-30,0.8143
2020-12-31,0.8177
2021-01-01,0.8169
2021-01-04,0.8161
2021-01-05,0.8133
2021-01-06,0.8137
2021-01-07,0.8153
2021-01-08,0.8162
2021-01-11,0.8218
2021-01-12,0.8218
2021-01-13,0.8224
2021-01-14,0.8226
2021-01-15,0.8265
2021-01-18,0.8256
2021-01-19,0.8247
2021-01-20,0.8241
2021-01-21,0.8235
2021-01-22,0.8211
2021-01-25,0.8239
2021-01-26,0.8232
2021-01-27,0.8264
2021-01-28,0.8249
2021-01-29,0.8241
2021-02-01,0.8285
2021-02-02,0.8319
2021-02-03,0.8316
2021-02-04,0.8351
2021-02-05,0.8309
2021-02-08,0.8302
2021-02-09,0.8260
2021-02-10,0.8243
2021-02-11,0.8246
2021-02-12,0.8247
2021-02-15,0.8253
2021-02-16,0.8260
2021-02-17,0.8304
2021-02-18,0.8280
2021-02-19,0.8240
2021-02-22,0.8227
2021-02-23,0.8236
2021-02-24,0.8235
2021-02-25,0.8177
2021-02-26,0.8269
2021-03-01,0.8296
2021-03-02,0.8279
2021-03-03,0.8283
2021-03-04,0.8302
2021-03-05,0.8393
2021-03-08,0.8440
2021-03-09,0.8414
2021-03-10,0.8403
2021-03-11,0.8349
2021-03-12,0.8367
2021-03-15,0.8391
2021-03-16,0.8407
2021-03-17,0.8400
2021-03-18,0.8385
2021-03-19,0.8397
2021-03-22,0.8381
2021-03-23,0.8423
2021-03-24,0.8452
2021-03-25,0.8491
2021-03-26,0.8476
2021-03-29,0.8490
2021-03-30,0.8530
2021-03-31,0.8516
2021-04-01,0.8495
2021-04-02,0.8501
2021-04-05,0.8467
2021-04-06,0.8437
2021-04-07,0.8410
2021-04-08,0.8401
2021-04-09,0.8405
2021-04-12,0.8398
2021-04-13,0.8376
2021-04-14,0.8351
2021-04-15,0.8358
2021-04-16,0.8347
2021-04-19,0.8314
2021-04-20,0.8302
2021-04-21,0.8310
2021-04-22,0.8325
2021-04-23,0.8286
2021-04-26,0.8276
2021-04-27,0.8279
2021-04-28,0.8266
2021-04-29,0.8258
2021-04-30,0.8313
2021-05-03,0.8293
2021-05-04,0.8324
2021-05-05,0.8331
2021-05-06,0.8299
2021-05-07,0.8220
2021-05-10,0.8217
2021-05-11,0.8218
2021-05-12,0.8282
2021-05-13,0.8285
2021-05-14,0.8237
2021-05-17,0.8227
2021-05-18,0.8195
2021-05-19,0.8186
2021-05-20,0.8180
2021-05-21,0.8212
2021-05-24,0.8190
2021-05-25,0.8175
2021-05-26,0.8194
2021-05-27,0.8201
2021-05-28,0.8201
2021-05-31,0.8185
2021-06-01,0.8169
2021-06-02,0.8188
2021-06-03,0.8249
2021-06-04,0.8215
2021-06-07,0.8197
2021-06-08,0.8210
2021-06-09,0.8207
2021-06-10,0.8215
2021-06-11,0.8264
2021-06-14,0.8247
2021-06-15,0.8251
2021-06-16,0.8252
2021-06-17,0.8396
2021-06-18,0.8423
2021-06-21,0.8397
2021-06-22,0.8396
2021-06-23,0.8368
2021-06-24,0.8384
2021-06-25,0.8375
2021-06-28,0.8377
2021-06-29,0.8400
2021-06-30,0.8440
2021-07-01,0.8434
2021-07-02,0.8440
2021-07-05,0.8452
2021-07-06,0.8463
2021-07-07,0.8472
2021-07-08,0.8446
2021-07-09,0.8431
2021-07-12,0.8433
2021-07-13,0.8465
2021-07-14,0.8456
2021-07-15,0.8470
2021-07-16,0.8467
2021-07-19,0.8472
2021-07-20,0.8492
2021-07-21,0.8475
2021-07-22,0.8495
2021-07-23,0.8503
2021-07-26,0.8467
2021-07-27,0.8452
2021-07-28,0.8468
2021-07-29,0.8413
2021-07-30,0.8429
2021-08-02,0.8422
2021-08-03,0.8432
2021-08-04,0.8445
2021-08-05,0.8447
2021-08-06,0.8503
2021-08-09,0.8511
2021-08-10,0.8531
2021-08-11,0.8520
2021-08-12,0.8521
2021-08-13,0.8477
2021-08-16,0.8492
2021-08-17,0.8537
2021-08-18,0.8546
2021-08-19,0.8552
2021-08-20,0.8554
2021-08-23,0.8524
2021-08-24,0.8514
2021-08-25,0.8505
2021-08-26,0.8503
2021-08-27,0.8479
2021-08-30,0.8478
2021-08-31,0.8475
2021-09-01,0.8439
2021-09-02,0.8433
2021-09-03,0.8415
2021-09-06,0.8427
2021-09-07,0.8440
2021-09-08,0.8462
2021-09-09,0.8455
2021-09-10,0.8460
2021-09-13,0.8468
2021-09-14,0.8457
2021-09-15,0.8467
2021-09-16,0.8501
2021-09-17,0.8522
2021-09-20,0.8526
2021-09-21,0.8530
2021-09-22,0.8519
2021-09-23,0.8522
2021-09-24,0.8536
2021-09-27,0.8546
2021-09-28,0.8561
2021-09-29,0.8612
2021-09-30,0.8638
2021-10-01,0.8622
2021-10-04,0.8604
2021-10-05,0.8614
2021-10-06,0.8661
2021-10-07,0.8650
2021-10-08,0.8642
2021-10-11,0.8653
2021-10-12,0.8665
2021-10-13,0.8645
2021-10-14,0.8627
2021-10-15,0.8625
2021-10-18,0.8614
2021-10-19,0.8597
2021-10-20,0.8589
2021-10-21,0.8589
2021-10-22,0.8597
2021-10-25,0.8614
2021-10-26,0.8628
2021-10-27,0.8621
2021-10-28,0.8558
2021-10-29,0.8657
2021-11-01,0.8627
2021-11-02,0.8635
2021-11-03,0.8633
2021-11-04,0.8661
2021-11-05,0.8655
2021-11-08,0.8628
2021-11-09,0.8629
2021-11-10,0.8683
2021-11-11,0.8711
2021-11-12,0.8739
2021-11-15,0.8756
2021-11-16,0.8824
2021-11-17,0.8832
2021-11-18,0.8804
2021-11-19,0.8835
2021-11-22,0.8881
2021-11-23,0.8877
2021-11-24,0.8932
2021-11-25,0.8890
2021-11-26,0.8848
2021-11-29,0.8880
2021-11-30,0.8860
2021-12-01,0.8832
2021-12-02,0.8845
2021-12-03,0.8843
2021-12-06,0.8864
2021-12-07,0.8891
2021-12-08,0.8826
2021-12-09,0.8861
2021-12-10,0.8840
2021-12-13,0.8851
2021-12-14,0.8875
2021-12-15,0.8880
2021-12-16,0.8843
2021-12-17,0.8868
2021-12-20,0.8851
2021-12-21,0.8872
2021-12-22,0.8831
2021-12-23,0.8834
2021-12-24,0.8830
2021-12-27,0.8827
2021-12-28,0.8839
2021-12-29,0.8821
2021-12-30,0.8835
2021-12-31,0.8846
2022-01-03,0.8857
2022-01-04,0.8853
2022-01-05,0.8822
2022-01-06,0.8844
2022-01-07,0.8804
2022-01-10,0.8828
2022-01-11,0.8800
2022-01-12,0.8748
2022-01-13,0.8723
2022-01-14,0.8761
2022-01-17,0.8791
2022-01-18,0.8821
2022-01-19,0.8814
2022-01-20,0.8821
2022-01-21,0.8814
2022-01-24,0.8842
2022-01-25,0.8863
2022-01-26,0.8866
2022-01-27,0.8976
2022-01-28,0.8961
2022-01-31,0.8919
2022-02-01,0.8898
2022-02-02,0.8850
2022-02-03,0.8753
2022-02-04,0.8730
2022-02-07,0.8746
2022-02-08,0.8760
2022-02-09,0.8745
2022-02-10,0.8705
2022-02-11,0.8769
2022-02-14,0.8845
2022-02-15,0.8800
2022-02-16,0.8787
2022-02-17,0.8800
2022-02-18,0.8828
2022-02-21,0.8823
2022-02-22,0.8817
2022-02-23,0.8837
2022-02-24,0.8965
2022-02-25,0.8880
2022-02-28,0.8909
2022-03-01,0.9007
2022-03-02,0.9007
2022-03-03,0.9047
2022-03-04,0.9164
2022-03-07,0.9208
2022-03-08,0.9190
2022-03-09,0.9034
2022-03-10,0.9085
2022-03-11,0.9143
2022-03-14,0.9108
2022-03-15,0.9112
2022-03-16,0.9094
2022-03-17,0.9001
2022-03-18,0.9055
2022-03-21,0.9051
2022-03-22,0.9073
2022-03-23,0.9090
2022-03-24,0.9086
2022-03-25,0.9103
