Date,USDGBP
2006-11-01,0.5238
2006-11-02,0.5239
2006-11-03,0.5260
2006-11-06,0.5272
2006-11-07,0.5236
2006-11-08,0.5247
2006-11-09,0.5245
2006-11-10,0.5230
2006-11-13,0.5257
2006-11-14,0.5278
2006-11-15,0.5296
2006-11-16,0.5290
2006-11-17,0.5281
2006-11-20,0.5273
2006-11-21,0.5268
2006-11-22,0.5223
2006-11-23,0.5200
2006-11-24,0.5177
2006-11-27,0.5163
2006-11-28,0.5133
2006-11-29,0.5130
2006-11-30,0.5078
2006-12-01,0.5052
2006-12-04,0.5054
2006-12-05,0.5064
2006-12-06,0.5078
2006-12-07,0.5095
2006-12-08,0.5111
2006-12-11,0.5115
2006-12-12,0.5088
2006-12-13,0.5086
2006-12-14,0.5090
2006-12-15,0.5118
2006-12-18,0.5139
2006-12-19,0.5085
2006-12-20,0.5090
2006-12-21,0.5096
2006-12-22,0.5110
2006-12-25,0.5110
2006-12-26,0.5110
2006-12-27,0.5111
2006-12-28,0.5097
2006-12-29,0.5106
2007-01-01,0.5086
2007-01-02,0.5067
2007-01-03,0.5129
2007-01-04,0.5143
2007-01-05,0.5180
2007-01-08,0.5159
2007-01-09,0.5155
2007-01-10,0.5172
2007-01-11,0.5144
2007-01-12,0.5108
2007-01-15,0.5104
2007-01-16,0.5101
2007-01-17,0.5071
2007-01-18,0.5072
2007-01-19,0.5061
2007-01-22,0.5058
2007-01-23,0.5039
2007-01-24,0.5083
2007-01-25,0.5075
2007-01-26,0.5103
2007-01-29,0.5104
2007-01-30,0.5098
2007-01-31,0.5099
2007-02-01,0.5080
2007-02-02,0.5086
2007-02-05,0.5102
2007-02-06,0.5078
2007-02-07,0.5076
2007-02-08,0.5106
2007-02-09,0.5125
2007-02-12,0.5135
2007-02-13,0.5143
2007-02-14,0.5095
2007-02-15,0.5120
2007-02-16,0.5128
2007-02-19,0.5122
2007-02-20,0.5116
2007-02-21,0.5122
2007-02-22,0.5110
2007-02-23,0.5092
2007-02-26,0.5094
2007-02-27,0.5086
2007-02-28,0.5099
2007-03-01,0.5108
2007-03-02,0.5139
2007-03-05,0.5199
2007-03-06,0.5189
2007-03-07,0.5177
2007-03-08,0.5181
2007-03-09,0.5177
2007-03-12,0.5184
2007-03-13,0.5175
2007-03-14,0.5171
2007-03-15,0.5164
2007-03-16,0.5149
2007-03-19,0.5139
2007-03-20,0.5107
2007-03-21,0.5103
2007-03-22,0.5083
2007-03-23,0.5094
2007-03-26,0.5078
2007-03-27,0.5085
2007-03-28,0.5099
2007-03-29,0.5095
2007-03-30,0.5080
2007-04-02,0.5054
2007-04-03,0.5055
2007-04-04,0.5062
2007-04-05,0.5074
2007-04-06,0.5088
2007-04-09,0.5100
2007-04-10,0.5072
2007-04-11,0.5054
2007-04-12,0.5058
2007-04-13,0.5043
2007-04-16,0.5023
2007-04-17,0.4985
2007-04-18,0.4990
2007-04-19,0.4993
2007-04-20,0.4988
2007-04-23,0.4996
2007-04-24,0.4993
2007-04-25,0.4990
2007-04-26,0.5024
2007-04-27,0.5004
2007-04-30,0.5000
2007-05-01,0.5002
2007-05-02,0.5023
2007-05-03,0.5031
2007-05-04,0.5017
2007-05-07,0.5014
2007-05-08,0.5025
2007-05-09,0.5009
2007-05-10,0.5042
2007-05-11,0.5044
2007-05-14,0.5050
2007-05-15,0.5035
2007-05-16,0.5057
2007-05-17,0.5064
2007-05-18,0.5062
2007-05-21,0.5077
2007-05-22,0.5059
2007-05-23,0.5030
2007-05-24,0.5037
2007-05-25,0.5039
2007-05-28,0.5043
2007-05-29,0.5047
2007-05-30,0.5064
2007-05-31,0.5051
2007-06-01,0.5049
2007-06-04,0.5020
2007-06-05,0.5015
2007-06-06,0.5021
2007-06-07,0.5051
2007-06-08,0.5087
2007-06-11,0.5080
2007-06-12,0.5063
2007-06-13,0.5069
2007-06-14,0.5077
2007-06-15,0.5059
2007-06-18,0.5045
2007-06-19,0.5029
2007-06-20,0.5016
2007-06-21,0.5019
2007-06-22,0.5006
2007-06-25,0.5010
2007-06-26,0.5001
2007-06-27,0.5009
2007-06-28,0.4995
2007-06-29,0.4984
2007-07-02,0.4960
2007-07-03,0.4958
2007-07-04,0.4965
2007-07-05,0.4972
2007-07-06,0.4970
2007-07-09,0.4959
2007-07-10,0.4939
2007-07-11,0.4921
2007-07-12,0.4929
2007-07-13,0.4915
2007-07-16,0.4908
2007-07-17,0.4889
2007-07-18,0.4870
2007-07-19,0.4880
2007-07-20,0.4862
2007-07-23,0.4858
2007-07-24,0.4848
2007-07-25,0.4875
2007-07-26,0.4881
2007-07-27,0.4929
2007-07-30,0.4941
2007-07-31,0.4911
2007-08-01,0.4924
2007-08-02,0.4915
2007-08-03,0.4896
2007-08-06,0.4928
2007-08-07,0.4950
2007-08-08,0.4910
2007-08-09,0.4933
2007-08-10,0.4946
2007-08-13,0.4969
2007-08-14,0.5000
2007-08-15,0.5019
2007-08-16,0.5043
2007-08-17,0.5043
2007-08-20,0.5043
2007-08-21,0.5047
2007-08-22,0.5021
2007-08-23,0.4991
2007-08-24,0.4975
2007-08-27,0.4967
2007-08-28,0.4984
2007-08-29,0.4955
2007-08-30,0.4960
2007-08-31,0.4959
2007-09-03,0.4959
2007-09-04,0.4973
2007-09-05,0.4945
2007-09-06,0.4940
2007-09-07,0.4930
2007-09-10,0.4929
2007-09-11,0.4922
2007-09-12,0.4923
2007-09-13,0.4931
2007-09-14,0.4983
2007-09-17,0.5020
2007-09-18,0.5007
2007-09-19,0.5004
2007-09-20,0.4967
2007-09-21,0.4949
2007-09-24,0.4945
2007-09-25,0.4958
2007-09-26,0.4961
2007-09-27,0.4942
2007-09-28,0.4905
2007-10-01,0.4893
2007-10-02,0.4898
2007-10-03,0.4909
2007-10-04,0.4904
2007-10-05,0.4893
2007-10-08,0.4893
2007-10-09,0.4919
2007-10-10,0.4894
2007-10-11,0.4916
2007-10-12,0.4916
2007-10-15,0.4897
2007-10-16,0.4920
2007-10-17,0.4905
2007-10-18,0.4888
2007-10-19,0.4882
2007-10-22,0.4931
2007-10-23,0.4879
2007-10-24,0.4880
2007-10-25,0.4882
2007-10-26,0.4875
2007-10-29,0.4852
2007-10-30,0.4838
2007-10-31,0.4813
2007-11-01,0.4804
2007-11-02,0.4803
2007-11-05,0.4808
2007-11-06,0.4794
2007-11-07,0.4752
2007-11-08,0.4738
2007-11-09,0.4782
2007-11-12,0.4803
2007-11-13,0.4824
2007-11-14,0.4858
2007-11-15,0.4882
2007-11-16,0.4883
2007-11-19,0.4883
2007-11-20,0.4842
2007-11-21,0.4858
2007-11-22,0.4858
2007-11-23,0.4863
2007-11-26,0.4835
2007-11-27,0.4842
2007-11-28,0.4834
2007-11-29,0.4844
2007-11-30,0.4862
2007-12-03,0.4841
2007-12-04,0.4860
2007-12-05,0.4929
2007-12-06,0.4929
2007-12-07,0.4929
2007-12-10,0.4888
2007-12-11,0.4905
2007-12-12,0.4879
2007-12-13,0.4903
2007-12-14,0.4951
2007-12-17,0.4958
2007-12-18,0.4965
2007-12-19,0.5017
2007-12-20,0.5045
2007-12-21,0.5042
2007-12-24,0.5057
2007-12-25,0.5050
2007-12-26,0.5042
2007-12-27,0.5023
2007-12-28,0.5018
2007-12-31,0.5040
2008-01-01,0.5042
2008-01-02,0.5044
2008-01-03,0.5068
2008-01-04,0.5061
2008-01-07,0.5075
2008-01-08,0.5068
2008-01-09,0.5111
2008-01-10,0.5111
2008-01-11,0.5104
2008-01-14,0.5106
2008-01-15,0.5084
2008-01-16,0.5092
2008-01-17,0.5065
2008-01-18,0.5121
2008-01-21,0.5114
2008-01-22,0.5108
2008-01-23,0.5124
2008-01-24,0.5068
2008-01-25,0.5050
2008-01-28,0.5036
2008-01-29,0.5036
2008-01-30,0.5030
2008-01-31,0.5026
2008-02-01,0.5079
2008-02-04,0.5056
2008-02-05,0.5095
2008-02-06,0.5101
2008-02-07,0.5149
2008-02-08,0.5135
2008-02-11,0.5132
2008-02-12,0.5096
2008-02-13,0.5097
2008-02-14,0.5074
2008-02-15,0.5099
2008-02-18,0.5112
2008-02-19,0.5125
2008-02-20,0.5153
2008-02-21,0.5098
2008-02-22,0.5084
2008-02-25,0.5084
2008-02-26,0.5064
2008-02-27,0.5019
2008-02-28,0.5030
2008-02-29,0.5034
2008-03-03,0.5038
2008-03-04,0.5037
2008-03-05,0.5015
2008-03-06,0.4982
2008-03-07,0.4968
2008-03-10,0.4959
2008-03-11,0.4990
2008-03-12,0.4948
2008-03-13,0.4923
2008-03-14,0.4928
2008-03-17,0.4998
2008-03-18,0.4947
2008-03-19,0.5036
2008-03-20,0.5045
2008-03-21,0.5044
2008-03-24,0.5037
2008-03-25,0.5001
2008-03-26,0.4995
2008-03-27,0.4976
2008-03-28,0.5028
2008-03-31,0.5037
2008-04-01,0.5057
2008-04-02,0.5044
2008-04-03,0.5010
2008-04-04,0.5013
2008-04-07,0.5037
2008-04-08,0.5079
2008-04-09,0.5069
2008-04-10,0.5065
2008-04-11,0.5074
2008-04-14,0.5046
2008-04-15,0.5095
2008-04-16,0.5062
2008-04-17,0.5023
2008-04-18,0.5009
2008-04-21,0.5047
2008-04-22,0.5002
2008-04-23,0.5054
2008-04-24,0.5072
2008-04-25,0.5042
2008-04-28,0.5023
2008-04-29,0.5064
2008-04-30,0.5039
2008-05-01,0.5064
2008-05-02,0.5062
2008-05-05,0.5082
2008-05-06,0.5064
2008-05-07,0.5122
2008-05-08,0.5117
2008-05-09,0.5132
2008-05-12,0.5098
2008-05-13,0.5136
2008-05-14,0.5141
2008-05-15,0.5131
2008-05-16,0.5107
2008-05-19,0.5136
2008-05-20,0.5075
2008-05-21,0.5084
2008-05-22,0.5054
2008-05-23,0.5046
2008-05-26,0.5054
2008-05-27,0.5063
2008-05-28,0.5049
2008-05-29,0.5061
2008-05-30,0.5052
2008-06-02,0.5085
2008-06-03,0.5089
2008-06-04,0.5116
2008-06-05,0.5112
2008-06-06,0.5077
2008-06-09,0.5061
2008-06-10,0.5117
2008-06-11,0.5090
2008-06-12,0.5137
2008-06-13,0.5129
2008-06-16,0.5092
2008-06-17,0.5117
2008-06-18,0.5110
2008-06-19,0.5069
2008-06-20,0.5067
2008-06-23,0.5100
2008-06-24,0.5074
2008-06-25,0.5083
2008-06-26,0.5032
2008-06-27,0.5016
2008-06-30,0.5024
2008-07-01,0.5018
2008-07-02,0.5019
2008-07-03,0.5044
2008-07-04,0.5060
2008-07-07,0.5077
2008-07-08,0.5080
2008-07-09,0.5047
2008-07-10,0.5056
2008-07-11,0.5026
2008-07-14,0.5019
2008-07-15,0.4991
2008-07-16,0.5001
2008-07-17,0.4991
2008-07-18,0.5004
2008-07-21,0.5005
2008-07-22,0.5015
2008-07-23,0.4995
2008-07-24,0.5042
2008-07-25,0.5030
2008-07-28,0.5014
2008-07-29,0.5049
2008-07-30,0.5048
2008-07-31,0.5049
2008-08-01,0.5065
2008-08-04,0.5100
2008-08-05,0.5120
2008-08-06,0.5134
2008-08-07,0.5144
2008-08-08,0.5210
2008-08-11,0.5224
2008-08-12,0.5262
2008-08-13,0.5353
2008-08-14,0.5343
2008-08-15,0.5362
2008-08-18,0.5355
2008-08-19,0.5360
2008-08-20,0.5375
2008-08-21,0.5331
2008-08-22,0.5393
2008-08-25,0.5380
2008-08-26,0.5439
2008-08-27,0.5459
2008-08-28,0.5475
2008-08-29,0.5498
2008-09-01,0.5549
2008-09-02,0.5601
2008-09-03,0.5620
2008-09-04,0.5653
2008-09-05,0.5654
2008-09-08,0.5700
2008-09-09,0.5659
2008-09-10,0.5699
2008-09-11,0.5715
2008-09-12,0.5588
2008-09-15,0.5594
2008-09-16,0.5617
2008-09-17,0.5588
2008-09-18,0.5499
2008-09-19,0.5465
2008-09-22,0.5410
2008-09-23,0.5389
2008-09-24,0.5405
2008-09-25,0.5433
2008-09-26,0.5435
2008-09-29,0.5542
2008-09-30,0.5617
2008-10-01,0.5617
2008-10-02,0.5664
2008-10-03,0.5637
2008-10-06,0.5754
2008-10-07,0.5684
2008-10-08,0.5777
2008-10-09,0.5806
2008-10-10,0.5870
2008-10-13,0.5794
2008-10-14,0.5720
2008-10-15,0.5737
2008-10-16,0.5799
2008-10-17,0.5778
2008-10-20,0.5836
2008-10-21,0.5939
2008-10-22,0.6183
2008-10-23,0.6180
2008-10-24,0.6398
2008-10-27,0.6463
2008-10-28,0.6414
2008-10-29,0.6136
2008-10-30,0.6146
2008-10-31,0.6186
2008-11-03,0.6307
2008-11-04,0.6213
2008-11-05,0.6190
2008-11-06,0.6324
2008-11-07,0.6334
2008-11-10,0.6394
2008-11-11,0.6525
2008-11-12,0.6661
2008-11-13,0.6757
2008-11-14,0.6729
2008-11-17,0.6653
2008-11-18,0.6648
2008-11-19,0.6625
2008-11-20,0.6762
2008-11-21,0.6749
2008-11-24,0.6589
2008-11-25,0.6515
2008-11-26,0.6571
2008-11-27,0.6543
2008-11-28,0.6516
2008-12-01,0.6739
2008-12-02,0.6689
2008-12-03,0.6765
2008-12-04,0.6761
2008-12-05,0.6847
2008-12-08,0.6743
2008-12-09,0.6768
2008-12-10,0.6743
2008-12-11,0.6688
2008-12-12,0.6723
2008-12-15,0.6545
2008-12-16,0.6527
2008-12-17,0.6470
2008-12-18,0.6621
2008-12-19,0.6732
2008-12-22,0.6754
2008-12-23,0.6775
2008-12-24,0.6815
2008-12-25,0.6809
2008-12-26,0.6803
2008-12-29,0.6854
2008-12-30,0.6947
2008-12-31,0.6840
2009-01-01,0.6864
2009-01-02,0.6887
2009-01-05,0.6848
2009-01-06,0.6767
2009-01-07,0.6556
2009-01-08,0.6583
2009-01-09,0.6562
2009-01-12,0.6744
2009-01-13,0.6883
2009-01-14,0.6841
2009-01-15,0.6848
2009-01-16,0.6786
2009-01-19,0.6954
2009-01-20,0.7131
2009-01-21,0.7284
2009-01-22,0.7225
2009-01-23,0.7322
2009-01-26,0.7163
2009-01-27,0.7068
2009-01-28,0.6985
2009-01-29,0.7012
2009-01-30,0.6938
2009-02-02,0.7028
2009-02-03,0.6947
2009-02-04,0.6910
2009-02-05,0.6834
2009-02-06,0.6768
2009-02-09,0.6695
2009-02-10,0.6847
2009-02-11,0.6960
2009-02-12,0.7019
2009-02-13,0.6934
2009-02-16,0.6982
2009-02-17,0.7030
2009-02-18,0.7025
2009-02-19,0.6990
2009-02-20,0.6977
2009-02-23,0.6871
2009-02-24,0.6941
2009-02-25,0.7010
2009-02-26,0.6973
2009-02-27,0.7005
2009-03-02,0.7148
2009-03-03,0.7126
2009-03-04,0.7071
2009-03-05,0.7080
2009-03-06,0.7087
2009-03-09,0.7269
2009-03-10,0.7225
2009-03-11,0.7257
2009-03-12,0.7241
2009-03-13,0.7157
2009-03-16,0.7097
2009-03-17,0.7134
2009-03-18,0.7156
2009-03-19,0.6857
2009-03-20,0.6928
2009-03-23,0.6898
2009-03-24,0.6789
2009-03-25,0.6856
2009-03-26,0.6898
2009-03-27,0.6981
2009-03-30,0.7068
2009-03-31,0.6993
2009-04-01,0.6943
2009-04-02,0.6803
2009-04-03,0.6756
2009-04-06,0.6797
2009-04-07,0.6782
2009-04-08,0.6806
2009-04-09,0.6839
2009-04-10,0.6833
2009-04-13,0.6743
2009-04-14,0.6708
2009-04-15,0.6671
2009-04-16,0.6707
2009-04-17,0.6767
2009-04-20,0.6881
2009-04-21,0.6808
2009-04-22,0.6898
2009-04-23,0.6833
2009-04-24,0.6804
2009-04-27,0.6813
2009-04-28,0.6846
2009-04-29,0.6756
2009-04-30,0.6757
2009-05-01,0.6720
2009-05-04,0.6673
2009-05-05,0.6623
2009-05-06,0.6639
2009-05-07,0.6658
2009-05-08,0.6627
2009-05-11,0.6603
2009-05-12,0.6562
2009-05-13,0.6594
2009-05-14,0.6581
2009-05-15,0.6569
2009-05-18,0.6532
2009-05-19,0.6451
2009-05-20,0.6382
2009-05-21,0.6344
2009-05-22,0.6292
2009-05-25,0.6283
2009-05-26,0.6274
2009-05-27,0.6224
2009-05-28,0.6267
2009-05-29,0.6188
2009-06-01,0.6080
2009-06-02,0.6055
2009-06-03,0.6096
2009-06-04,0.6183
2009-06-05,0.6243
2009-06-08,0.6259
2009-06-09,0.6147
2009-06-10,0.6122
2009-06-11,0.6043
2009-06-12,0.6052
2009-06-15,0.6147
2009-06-16,0.6081
2009-06-17,0.6138
2009-06-18,0.6109
2009-06-19,0.6047
2009-06-22,0.6119
2009-06-23,0.6118
2009-06-24,0.6066
2009-06-25,0.6121
2009-06-26,0.6061
2009-06-29,0.6049
2009-06-30,0.6078
2009-07-01,0.6052
2009-07-02,0.6098
2009-07-03,0.6121
2009-07-06,0.6161
2009-07-07,0.6189
2009-07-08,0.6239
2009-07-09,0.6135
2009-07-10,0.6179
2009-07-13,0.6181
2009-07-14,0.6137
2009-07-15,0.6083
2009-07-16,0.6091
2009-07-17,0.6124
2009-07-20,0.6063
2009-07-21,0.6091
2009-07-22,0.6083
2009-07-23,0.6038
2009-07-24,0.6086
2009-07-27,0.6066
2009-07-28,0.6069
2009-07-29,0.6105
2009-07-30,0.6067
2009-07-31,0.5983
2009-08-03,0.5898
2009-08-04,0.5906
2009-08-05,0.5890
2009-08-06,0.5962
2009-08-07,0.5999
2009-08-10,0.6065
2009-08-11,0.6060
2009-08-12,0.6047
2009-08-13,0.6031
2009-08-14,0.6050
2009-08-17,0.6126
2009-08-18,0.6091
2009-08-19,0.6040
2009-08-20,0.6063
2009-08-21,0.6060
2009-08-24,0.6091
2009-08-25,0.6086
2009-08-26,0.6160
2009-08-27,0.6168
2009-08-28,0.6123
2009-08-31,0.6130
2009-09-01,0.6185
2009-09-02,0.6147
2009-09-03,0.6115
2009-09-04,0.6106
2009-09-07,0.6081
2009-09-08,0.6056
2009-09-09,0.6040
2009-09-10,0.6006
2009-09-11,0.5990
2009-09-14,0.6028
2009-09-15,0.6084
2009-09-16,0.6060
2009-09-17,0.6053
2009-09-18,0.6148
2009-09-21,0.6162
2009-09-22,0.6105
2009-09-23,0.6096
2009-09-24,0.6224
2009-09-25,0.6263
2009-09-28,0.6285
2009-09-29,0.6280
2009-09-30,0.6248
2009-10-01,0.6270
2009-10-02,0.6298
2009-10-05,0.6279
2009-10-06,0.6288
2009-10-07,0.6290
2009-10-08,0.6215
2009-10-09,0.6291
2009-10-12,0.6291
2009-10-13,0.6291
2009-10-14,0.6260
2009-10-15,0.6154
2009-10-16,0.6116
2009-10-19,0.6098
2009-10-20,0.6105
2009-10-21,0.6020
2009-10-22,0.6026
2009-10-23,0.6116
2009-10-26,0.6116
2009-10-27,0.6122
2009-10-28,0.6107
2009-10-29,0.6039
2009-10-30,0.6068
2009-11-02,0.6094
2009-11-03,0.6104
2009-11-04,0.6035
2009-11-05,0.6037
2009-11-06,0.6029
2009-11-09,0.5981
2009-11-10,0.5995
2009-11-11,0.6020
2009-11-12,0.6045
2009-11-13,0.6003
2009-11-16,0.5954
2009-11-17,0.5964
2009-11-18,0.5968
2009-11-19,0.6003
2009-11-20,0.6050
2009-11-23,0.6024
2009-11-24,0.6032
2009-11-25,0.5998
2009-11-26,0.6030
2009-11-27,0.6063
2009-11-30,0.6094
2009-12-01,0.6015
2009-12-02,0.6009
2009-12-03,0.6032
2009-12-04,0.6055
2009-12-07,0.6087
2009-12-08,0.6134
2009-12-09,0.6157
2009-12-10,0.6151
2009-12-11,0.6159
2009-12-14,0.6141
2009-12-15,0.6160
2009-12-16,0.6109
2009-12-17,0.6198
2009-12-18,0.6218
2009-12-21,0.6218
2009-12-22,0.6267
2009-12-23,0.6268
2009-12-24,0.6273
2009-12-25,0.6261
2009-12-28,0.6250
2009-12-29,0.6292
2009-12-30,0.6231
2009-12-31,0.6185
2010-01-01,0.6197
2010-01-04,0.6208
2010-01-05,0.6246
2010-01-06,0.6244
2010-01-07,0.6285
2010-01-08,0.6253
2010-01-11,0.6193
2010-01-12,0.6180
2010-01-13,0.6139
2010-01-14,0.6127
2010-01-15,0.6158
2010-01-18,0.6133
2010-01-19,0.6109
2010-01-20,0.6140
2010-01-21,0.6168
2010-01-22,0.6203
2010-01-25,0.6159
2010-01-26,0.6208
2010-01-27,0.6171
2010-01-28,0.6157
2010-01-29,0.6246
2010-02-01,0.6280
2010-02-02,0.6263
2010-02-03,0.6283
2010-02-04,0.6344
2010-02-05,0.6402
2010-02-08,0.6390
2010-02-09,0.6378
2010-02-10,0.6408
2010-02-11,0.6380
2010-02-12,0.6382
2010-02-15,0.6369
2010-02-16,0.6356
2010-02-17,0.6368
2010-02-18,0.6418
2010-02-19,0.6478
2010-02-22,0.6461
2010-02-23,0.6467
2010-02-24,0.6480
2010-02-25,0.6579
2010-02-26,0.6562
2010-03-01,0.6678
2010-03-02,0.6693
2010-03-03,0.6612
2010-03-04,0.6653
2010-03-05,0.6616
2010-03-08,0.6640
2010-03-09,0.6665
2010-03-10,0.6677
2010-03-11,0.6644
2010-03-12,0.6584
2010-03-15,0.6648
2010-03-16,0.6582
2010-03-17,0.6538
2010-03-18,0.6559
2010-03-19,0.6660
2010-03-22,0.6635
2010-03-23,0.6637
2010-03-24,0.6705
2010-03-25,0.6719
2010-03-26,0.6709
2010-03-29,0.6680
2010-03-30,0.6627
2010-03-31,0.6585
2010-04-01,0.6540
2010-04-02,0.6580
2010-04-05,0.6543
2010-04-06,0.6566
2010-04-07,0.6559
2010-04-08,0.6548
2010-04-09,0.6506
2010-04-12,0.6507
2010-04-13,0.6487
2010-04-14,0.6458
2010-04-15,0.6466
2010-04-16,0.6496
2010-04-19,0.6552
2010-04-20,0.6504
2010-04-21,0.6495
2010-04-22,0.6507
2010-04-23,0.6509
2010-04-26,0.6466
2010-04-27,0.6542
2010-04-28,0.6596
2010-04-29,0.6535
2010-04-30,0.6533
2010-05-03,0.6561
2010-05-04,0.6607
2010-05-05,0.6608
2010-05-06,0.6716
2010-05-07,0.6785
2010-05-10,0.6676
2010-05-11,0.6688
2010-05-12,0.6732
2010-05-13,0.6822
2010-05-14,0.6870
2010-05-17,0.6950
2010-05-18,0.6926
2010-05-19,0.6969
2010-05-20,0.6972
2010-05-21,0.6913
2010-05-24,0.6927
2010-05-25,0.6968
2010-05-26,0.6944
2010-05-27,0.6864
2010-05-28,0.6900
2010-05-31,0.6858
2010-06-01,0.6815
2010-06-02,0.6830
2010-06-03,0.6842
2010-06-04,0.6900
2010-06-07,0.6898
2010-06-08,0.6934
2010-06-09,0.6856
2010-06-10,0.6815
2010-06-11,0.6875
2010-06-14,0.6770
2010-06-15,0.6744
2010-06-16,0.6739
2010-06-17,0.6754
2010-06-18,0.6763
2010-06-21,0.6745
2010-06-22,0.6734
2010-06-23,0.6688
2010-06-24,0.6673
2010-06-25,0.6673
2010-06-28,0.6623
2010-06-29,0.6631
2010-06-30,0.6690
2010-07-01,0.6611
2010-07-02,0.6588
2010-07-05,0.6588
2010-07-06,0.6588
2010-07-07,0.6588
2010-07-08,0.6598
2010-07-09,0.6625
2010-07-12,0.6660
2010-07-13,0.6590
2010-07-14,0.6543
2010-07-15,0.6504
2010-07-16,0.6541
2010-07-19,0.6569
2010-07-20,0.6555
2010-07-21,0.6579
2010-07-22,0.6543
2010-07-23,0.6483
2010-07-26,0.6456
2010-07-27,0.6436
2010-07-28,0.6406
2010-07-29,0.6414
2010-07-30,0.6364
2010-08-02,0.6290
2010-08-03,0.6273
2010-08-04,0.6294
2010-08-05,0.6305
2010-08-06,0.6258
2010-08-09,0.6272
2010-08-10,0.6339
2010-08-11,0.6374
2010-08-12,0.6421
2010-08-13,0.6418
2010-08-16,0.6378
2010-08-17,0.6416
2010-08-18,0.6402
2010-08-19,0.6405
2010-08-20,0.6445
2010-08-23,0.6438
2010-08-24,0.6464
2010-08-25,0.6468
2010-08-26,0.6421
2010-08-27,0.6440
2010-08-30,0.6463
2010-08-31,0.6511
2010-09-01,0.6463
2010-09-02,0.6496
2010-09-03,0.6472
2010-09-06,0.6500
2010-09-07,0.6530
2010-09-08,0.6446
2010-09-09,0.6473
2010-09-10,0.6499
2010-09-13,0.6466
2010-09-14,0.6427
2010-09-15,0.6393
2010-09-16,0.6405
2010-09-17,0.6396
2010-09-20,0.6425
2010-09-21,0.6430
2010-09-22,0.6390
2010-09-23,0.6360
2010-09-24,0.6318
2010-09-27,0.6309
2010-09-28,0.6326
2010-09-29,0.6324
2010-09-30,0.6357
2010-10-01,0.6318
2010-10-04,0.6310
2010-10-05,0.6283
2010-10-06,0.6288
2010-10-07,0.6277
2010-10-08,0.6269
2010-10-11,0.6299
2010-10-12,0.6330
2010-10-13,0.6312
2010-10-14,0.6253
2010-10-15,0.6239
2010-10-18,0.6287
2010-10-19,0.6354
2010-10-20,0.6306
2010-10-21,0.6348
2010-10-22,0.6379
2010-10-25,0.6350
2010-10-26,0.6301
2010-10-27,0.6336
2010-10-28,0.6272
2010-10-29,0.6242
2010-11-01,0.6231
2010-11-02,0.6246
2010-11-03,0.6219
2010-11-04,0.6142
2010-11-05,0.6169
2010-11-08,0.6192
2010-11-09,0.6231
2010-11-10,0.6222
2010-11-11,0.6203
2010-11-12,0.6184
2010-11-15,0.6225
2010-11-16,0.6297
2010-11-17,0.6273
2010-11-18,0.6246
2010-11-19,0.6265
2010-11-22,0.6277
2010-11-23,0.6320
2010-11-24,0.6340
2010-11-25,0.6371
2010-11-26,0.6404
2010-11-29,0.6428
2010-11-30,0.6419
2010-12-01,0.6409
2010-12-02,0.6406
2010-12-03,0.6360
2010-12-06,0.6378
2010-12-07,0.6328
2010-12-08,0.6332
2010-12-09,0.6356
2010-12-10,0.6326
2010-12-13,0.6296
2010-12-14,0.6331
2010-12-15,0.6405
2010-12-16,0.6405
2010-12-17,0.6460
2010-12-20,0.6443
2010-12-21,0.6467
2010-12-22,0.6498
2010-12-23,0.6494
2010-12-24,0.6497
2010-12-27,0.6501
2010-12-28,0.6510
2010-12-29,0.6467
2010-12-30,0.6497
2010-12-31,0.6476
2011-01-03,0.6456
2011-01-04,0.6416
2011-01-05,0.6453
2011-01-06,0.6456
2011-01-07,0.6427
2011-01-10,0.6417
2011-01-11,0.6399
2011-01-12,0.6363
2011-01-13,0.6301
2011-01-14,0.6300
2011-01-17,0.6275
2011-01-18,0.6250
2011-01-19,0.6254
2011-01-20,0.6299
2011-01-21,0.6251
2011-01-24,0.6252
2011-01-25,0.6322
2011-01-26,0.6295
2011-01-27,0.6287
2011-01-28,0.6314
2011-01-31,0.6234
2011-02-01,0.6202
2011-02-02,0.6185
2011-02-03,0.6189
2011-02-04,0.6215
2011-02-07,0.6207
2011-02-08,0.6215
2011-02-09,0.6215
2011-02-10,0.6199
2011-02-11,0.6255
2011-02-14,0.6241
2011-02-15,0.6200
2011-02-16,0.6225
2011-02-17,0.6184
2011-02-18,0.6156
2011-02-21,0.6178
2011-02-22,0.6200
2011-02-23,0.6165
2011-02-24,0.6209
2011-02-25,0.6220
2011-02-28,0.6155
2011-03-01,0.6132
2011-03-02,0.6131
2011-03-03,0.6148
2011-03-04,0.6154
2011-03-07,0.6171
2011-03-08,0.6187
2011-03-09,0.6172
2011-03-10,0.6225
2011-03-11,0.6237
2011-03-14,0.6180
2011-03-15,0.6225
2011-03-16,0.6239
2011-03-17,0.6195
2011-03-18,0.6178
2011-03-21,0.6144
2011-03-22,0.6102
2011-03-23,0.6155
2011-03-24,0.6189
2011-03-25,0.6217
2011-03-28,0.6241
2011-03-29,0.6257
2011-03-30,0.6235
2011-03-31,0.6231
2011-04-01,0.6199
2011-04-04,0.6200
2011-04-05,0.6142
2011-04-06,0.6130
2011-04-07,0.6133
2011-04-08,0.6120
2011-04-11,0.6103
2011-04-12,0.6149
2011-04-13,0.6141
2011-04-14,0.6116
2011-04-15,0.6126
2011-04-18,0.6162
2011-04-19,0.6129
2011-04-20,0.6096
2011-04-21,0.6034
2011-04-22,0.6054
2011-04-25,0.6062
2011-04-26,0.6073
2011-04-27,0.6050
2011-04-28,0.6011
2011-04-29,0.5991
2011-05-02,0.5992
2011-05-03,0.6047
2011-05-04,0.6052
2011-05-05,0.6088
2011-05-06,0.6091
2011-05-09,0.6121
2011-05-10,0.6123
2011-05-11,0.6093
2011-05-12,0.6139
2011-05-13,0.6181
2011-05-16,0.6158
2011-05-17,0.6171
2011-05-18,0.6193
2011-05-19,0.6181
2011-05-20,0.6164
2011-05-23,0.6210
2011-05-24,0.6179
2011-05-25,0.6144
2011-05-26,0.6118
2011-05-27,0.6063
2011-05-30,0.6073
2011-05-31,0.6083
2011-06-01,0.6101
2011-06-02,0.6126
2011-06-03,0.6099
2011-06-06,0.6112
2011-06-07,0.6081
2011-06-08,0.6105
2011-06-09,0.6104
2011-06-10,0.6152
2011-06-13,0.6132
2011-06-14,0.6102
2011-06-15,0.6166
2011-06-16,0.6200
2011-06-17,0.6178
2011-06-20,0.6171
2011-06-21,0.6161
2011-06-22,0.6199
2011-06-23,0.6259
2011-06-24,0.6256
2011-06-27,0.6261
2011-06-28,0.6244
2011-06-29,0.6223
2011-06-30,0.6224
2011-07-01,0.6223
2011-07-04,0.6220
2011-07-05,0.6217
2011-07-06,0.6251
2011-07-07,0.6263
2011-07-08,0.6238
2011-07-11,0.6277
2011-07-12,0.6274
2011-07-13,0.6207
2011-07-14,0.6202
2011-07-15,0.6192
2011-07-18,0.6241
2011-07-19,0.6198
2011-07-20,0.6196
2011-07-21,0.6135
2011-07-22,0.6128
2011-07-25,0.6141
2011-07-26,0.6101
2011-07-27,0.6114
2011-07-28,0.6121
2011-07-29,0.6077
2011-08-01,0.6143
2011-08-02,0.6140
2011-08-03,0.6095
2011-08-04,0.6132
2011-08-05,0.6112
2011-08-08,0.6115
2011-08-09,0.6175
2011-08-10,0.6185
2011-08-11,0.6162
2011-08-12,0.6141
2011-08-15,0.6102
2011-08-16,0.6089
2011-08-17,0.6027
2011-08-18,0.6065
2011-08-19,0.6044
2011-08-22,0.6078
2011-08-23,0.6057
2011-08-24,0.6107
2011-08-25,0.6139
2011-08-26,0.6127
2011-08-29,0.6098
2011-08-30,0.6143
2011-08-31,0.6147
2011-09-01,0.6181
2011-09-02,0.6177
2011-09-05,0.6222
2011-09-06,0.6268
2011-09-07,0.6270
2011-09-08,0.6242
2011-09-09,0.6301
2011-09-12,0.6324
2011-09-13,0.6327
2011-09-14,0.6340
2011-09-15,0.6326
2011-09-16,0.6328
2011-09-19,0.6380
2011-09-20,0.6362
2011-09-21,0.6402
2011-09-22,0.6511
2011-09-23,0.6462
2011-09-26,0.6430
2011-09-27,0.6377
2011-09-28,0.6391
2011-09-29,0.6376
2011-09-30,0.6400
2011-10-03,0.6462
2011-10-04,0.6492
2011-10-05,0.6478
2011-10-06,0.6494
2011-10-07,0.6399
2011-10-10,0.6406
2011-10-11,0.6413
2011-10-12,0.6346
2011-10-13,0.6358
2011-10-14,0.6326
2011-10-17,0.6338
2011-10-18,0.6388
2011-10-19,0.6330
2011-10-20,0.6359
2011-10-21,0.6272
2011-10-24,0.6255
2011-10-25,0.6252
2011-10-26,0.6287
2011-10-27,0.6219
2011-10-28,0.6200
2011-10-31,0.6195
2011-11-01,0.6271
2011-11-02,0.6260
2011-11-03,0.6266
2011-11-04,0.6240
2011-11-07,0.6241
2011-11-08,0.6220
2011-11-09,0.6266
2011-11-10,0.6275
2011-11-11,0.6283
2011-11-14,0.6290
2011-11-15,0.6322
2011-11-16,0.6341
2011-11-17,0.6329
2011-11-18,0.6336
2011-11-21,0.6385
2011-11-22,0.6391
2011-11-23,0.6447
2011-11-24,0.6456
2011-11-25,0.6465
2011-11-28,0.6436
2011-11-29,0.6400
2011-11-30,0.6367
2011-12-01,0.6370
2011-12-02,0.6414
2011-12-05,0.6374
2011-12-06,0.6418
2011-12-07,0.6373
2011-12-08,0.6396
2011-12-09,0.6393
2011-12-12,0.6411
2011-12-13,0.6440
2011-12-14,0.6475
2011-12-15,0.6457
2011-12-16,0.6446
2011-12-19,0.6439
2011-12-20,0.6380
2011-12-21,0.6378
2011-12-22,0.6383
2011-12-23,0.6404
2011-12-26,0.6393
2011-12-27,0.6381
2011-12-28,0.6461
2011-12-29,0.6499
2011-12-30,0.6436
2012-01-02,0.6412
2012-01-03,0.6388
2012-01-04,0.6395
2012-01-05,0.6460
2012-01-06,0.6480
2012-01-09,0.6478
2012-01-10,0.6456
2012-01-11,0.6525
2012-01-12,0.6525
2012-01-13,0.6536
2012-01-16,0.6524
2012-01-17,0.6512
2012-01-18,0.6489
2012-01-19,0.6458
2012-01-20,0.6435
2012-01-23,0.6418
2012-01-24,0.6412
2012-01-25,0.6423
2012-01-26,0.6367
2012-01-27,0.6363
2012-01-30,0.6373
2012-01-31,0.6348
2012-02-01,0.6310
2012-02-02,0.6324
2012-02-03,0.6338
2012-02-06,0.6316
2012-02-07,0.6293
2012-02-08,0.6321
2012-02-09,0.6314
2012-02-10,0.6350
2012-02-13,0.6337
2012-02-14,0.6373
2012-02-15,0.6365
2012-02-16,0.6331
2012-02-17,0.6324
2012-02-20,0.6327
2012-02-21,0.6331
2012-02-22,0.6379
2012-02-23,0.6369
2012-02-24,0.6302
2012-02-27,0.6311
2012-02-28,0.6294
2012-02-29,0.6269
2012-03-01,0.6268
2012-03-02,0.6308
2012-03-05,0.6301
2012-03-06,0.6361
2012-03-07,0.6351
2012-03-08,0.6320
2012-03-09,0.6379
2012-03-12,0.6404
2012-03-13,0.6355
2012-03-14,0.6375
2012-03-15,0.6382
2012-03-16,0.6311
2012-03-19,0.6292
2012-03-20,0.6306
2012-03-21,0.6310
2012-03-22,0.6326
2012-03-23,0.6304
2012-03-26,0.6274
2012-03-27,0.6261
2012-03-28,0.6307
2012-03-29,0.6285
2012-03-30,0.6256
2012-04-02,0.6241
2012-04-03,0.6263
2012-04-04,0.6298
2012-04-05,0.6320
2012-04-06,0.6298
2012-04-09,0.6298
2012-04-10,0.6315
2012-04-11,0.6292
2012-04-12,0.6274
2012-04-13,0.6309
2012-04-16,0.6303
2012-04-17,0.6277
2012-04-18,0.6242
2012-04-19,0.6227
2012-04-20,0.6202
2012-04-23,0.6210
2012-04-24,0.6198
2012-04-25,0.6193
2012-04-26,0.6177
2012-04-27,0.6158
2012-04-30,0.6163
2012-05-01,0.6165
2012-05-02,0.6176
2012-05-03,0.6179
2012-05-04,0.6193
2012-05-07,0.6176
2012-05-08,0.6189
2012-05-09,0.6200
2012-05-10,0.6188
2012-05-11,0.6219
2012-05-14,0.6205
2012-05-15,0.6240
2012-05-16,0.6276
2012-05-17,0.6320
2012-05-18,0.6334
2012-05-21,0.6333
2012-05-22,0.6339
2012-05-23,0.6373
2012-05-24,0.6370
2012-05-25,0.6391
2012-05-28,0.6394
2012-05-29,0.6398
2012-05-30,0.6438
2012-05-31,0.6491
2012-06-01,0.6501
2012-06-04,0.6501
2012-06-05,0.6513
2012-06-06,0.6462
2012-06-07,0.6428
2012-06-08,0.6480
2012-06-11,0.6445
2012-06-12,0.6426
2012-06-13,0.6428
2012-06-14,0.6438
2012-06-15,0.6388
2012-06-18,0.6384
2012-06-19,0.6356
2012-06-20,0.6349
2012-06-21,0.6397
2012-06-22,0.6418
2012-06-25,0.6429
2012-06-26,0.6402
2012-06-27,0.6431
2012-06-28,0.6450
2012-06-29,0.6375
2012-07-02,0.6378
2012-07-03,0.6369
2012-07-04,0.6403
2012-07-05,0.6439
2012-07-06,0.6460
2012-07-09,0.6449
2012-07-10,0.6449
2012-07-11,0.6438
2012-07-12,0.6483
2012-07-13,0.6431
2012-07-16,0.6396
2012-07-17,0.6405
2012-07-18,0.6395
2012-07-19,0.6362
2012-07-20,0.6398
2012-07-23,0.6447
2012-07-24,0.6443
2012-07-25,0.6460
2012-07-26,0.6376
2012-07-27,0.6358
2012-07-30,0.6372
2012-07-31,0.6375
2012-08-01,0.6412
2012-08-02,0.6452
2012-08-03,0.6390
2012-08-06,0.6400
2012-08-07,0.6387
2012-08-08,0.6386
2012-08-09,0.6401
2012-08-10,0.6378
2012-08-13,0.6373
2012-08-14,0.6373
2012-08-15,0.6375
2012-08-16,0.6354
2012-08-17,0.6371
2012-08-20,0.6367
2012-08-21,0.6334
2012-08-22,0.6329
2012-08-23,0.6296
2012-08-24,0.6323
2012-08-27,0.6329
2012-08-28,0.6318
2012-08-29,0.6314
2012-08-30,0.6332
2012-08-31,0.6304
2012-09-03,0.6299
2012-09-04,0.6294
2012-09-05,0.6287
2012-09-06,0.6281
2012-09-07,0.6244
2012-09-10,0.6246
2012-09-11,0.6222
2012-09-12,0.6207
2012-09-13,0.6202
2012-09-14,0.6156
2012-09-17,0.6149
2012-09-18,0.6153
2012-09-19,0.6166
2012-09-20,0.6174
2012-09-21,0.6153
2012-09-24,0.6173
2012-09-25,0.6161
2012-09-26,0.6194
2012-09-27,0.6166
2012-09-28,0.6199
2012-10-01,0.6195
2012-10-02,0.6178
2012-10-03,0.6220
2012-10-04,0.6186
2012-10-05,0.6174
2012-10-08,0.6214
2012-10-09,0.6255
2012-10-10,0.6247
2012-10-11,0.6239
2012-10-12,0.6221
2012-10-15,0.6223
2012-10-16,0.6211
2012-10-17,0.6186
2012-10-18,0.6195
2012-10-19,0.6249
2012-10-22,0.6239
2012-10-23,0.6277
2012-10-24,0.6244
2012-10-25,0.6204
2012-10-26,0.6212
2012-10-29,0.6240
2012-10-30,0.6218
2012-10-31,0.6207
2012-11-01,0.6195
2012-11-02,0.6236
2012-11-05,0.6259
2012-11-06,0.6256
2012-11-07,0.6260
2012-11-08,0.6258
2012-11-09,0.6285
2012-11-12,0.6290
2012-11-13,0.6295
2012-11-14,0.6310
2012-11-15,0.6303
2012-11-16,0.6303
2012-11-19,0.6286
2012-11-20,0.6279
2012-11-21,0.6275
2012-11-22,0.6256
2012-11-23,0.6238
2012-11-26,0.6245
2012-11-27,0.6239
2012-11-28,0.6251
2012-11-29,0.6240
2012-11-30,0.6239
2012-12-03,0.6210
2012-12-04,0.6212
2012-12-05,0.6210
2012-12-06,0.6224
2012-12-07,0.6238
2012-12-10,0.6224
2012-12-11,0.6210
2012-12-12,0.6199
2012-12-13,0.6200
2012-12-14,0.6196
2012-12-17,0.6172
2012-12-18,0.6152
2012-12-19,0.6144
2012-12-20,0.6147
2012-12-21,0.6185
2012-12-24,0.6206
2012-12-25,0.6205
2012-12-26,0.6204
2012-12-27,0.6209
2012-12-28,0.6189
2012-12-31,0.6149
2013-01-01,0.6151
2013-01-02,0.6152
2013-01-03,0.6192
2013-01-04,0.6236
2013-01-07,0.6219
2013-01-08,0.6234
2013-01-09,0.6241
2013-01-10,0.6202
2013-01-11,0.6200
2013-01-14,0.6220
2013-01-15,0.6215
2013-01-16,0.6246
2013-01-17,0.6254
2013-01-18,0.6299
2013-01-21,0.6302
2013-01-22,0.6304
2013-01-23,0.6310
2013-01-24,0.6334
2013-01-25,0.6330
2013-01-28,0.6375
2013-01-29,0.6349
2013-01-30,0.6332
2013-01-31,0.6307
2013-02-01,0.6352
2013-02-04,0.6354
2013-02-05,0.6389
2013-02-06,0.6388
2013-02-07,0.6365
2013-02-08,0.6324
2013-02-11,0.6382
2013-02-12,0.6388
2013-02-13,0.6433
2013-02-14,0.6451
2013-02-15,0.6444
2013-02-18,0.6462
2013-02-19,0.6480
2013-02-20,0.6536
2013-02-21,0.6552
2013-02-22,0.6555
2013-02-25,0.6617
2013-02-26,0.6612
2013-02-27,0.6608
2013-02-28,0.6582
2013-03-01,0.6652
2013-03-04,0.6630
2013-03-05,0.6623
2013-03-06,0.6651
2013-03-07,0.6652
2013-03-08,0.6700
2013-03-11,0.6712
2013-03-12,0.6722
2013-03-13,0.6700
2013-03-14,0.6649
2013-03-15,0.6612
2013-03-18,0.6617
2013-03-19,0.6615
2013-03-20,0.6608
2013-03-21,0.6588
2013-03-22,0.6562
2013-03-25,0.6586
2013-03-26,0.6598
2013-03-27,0.6617
2013-03-28,0.6586
2013-03-29,0.6582
2013-04-01,0.6565
2013-04-02,0.6617
2013-04-03,0.6605
2013-04-04,0.6580
2013-04-05,0.6521
2013-04-08,0.6554
2013-04-09,0.6529
2013-04-10,0.6530
2013-04-11,0.6492
2013-04-12,0.6505
2013-04-15,0.6527
2013-04-16,0.6529
2013-04-17,0.6555
2013-04-18,0.6544
2013-04-19,0.6556
2013-04-22,0.6552
2013-04-23,0.6550
2013-04-24,0.6554
2013-04-25,0.6479
2013-04-26,0.6460
2013-04-29,0.6453
2013-04-30,0.6435
2013-05-01,0.6419
2013-05-02,0.6444
2013-05-03,0.6425
2013-05-06,0.6436
2013-05-07,0.6465
2013-05-08,0.6425
2013-05-09,0.6451
2013-05-10,0.6521
2013-05-13,0.6540
2013-05-14,0.6554
2013-05-15,0.6580
2013-05-16,0.6535
2013-05-17,0.6591
2013-05-20,0.6569
2013-05-21,0.6592
2013-05-22,0.6650
2013-05-23,0.6614
2013-05-24,0.6611
2013-05-27,0.6625
2013-05-28,0.6640
2013-05-29,0.6613
2013-05-30,0.6576
2013-05-31,0.6585
2013-06-03,0.6515
2013-06-04,0.6534
2013-06-05,0.6497
2013-06-06,0.6410
2013-06-07,0.6428
2013-06-10,0.6428
2013-06-11,0.6416
2013-06-12,0.6371
2013-06-13,0.6370
2013-06-14,0.6375
2013-06-17,0.6366
2013-06-18,0.6400
2013-06-19,0.6387
2013-06-20,0.6465
2013-06-21,0.6505
2013-06-24,0.6492
2013-06-25,0.6486
2013-06-26,0.6522
2013-06-27,0.6564
2013-06-28,0.6575
2013-07-01,0.6559
2013-07-02,0.6592
2013-07-03,0.6551
2013-07-04,0.6628
2013-07-05,0.6707
2013-07-08,0.6697
2013-07-09,0.6740
2013-07-10,0.6696
2013-07-11,0.6611
2013-07-12,0.6619
2013-07-15,0.6628
2013-07-16,0.6613
2013-07-17,0.6586
2013-07-18,0.6582
2013-07-19,0.6553
2013-07-22,0.6508
2013-07-23,0.6513
2013-07-24,0.6507
2013-07-25,0.6522
2013-07-26,0.6507
2013-07-29,0.6513
2013-07-30,0.6560
2013-07-31,0.6589
2013-08-01,0.6603
2013-08-02,0.6546
2013-08-05,0.6516
2013-08-06,0.6507
2013-08-07,0.6446
2013-08-08,0.6429
2013-08-09,0.6449
2013-08-12,0.6462
2013-08-13,0.6472
2013-08-14,0.6439
2013-08-15,0.6421
2013-08-16,0.6402
2013-08-19,0.6384
2013-08-20,0.6378
2013-08-21,0.6378
2013-08-22,0.6418
2013-08-23,0.6419
2013-08-26,0.6423
2013-08-27,0.6440
2013-08-28,0.6443
2013-08-29,0.6457
2013-08-30,0.6465
2013-09-02,0.6449
2013-09-03,0.6433
2013-09-04,0.6393
2013-09-05,0.6413
2013-09-06,0.6397
2013-09-09,0.6360
2013-09-10,0.6357
2013-09-11,0.6326
2013-09-12,0.6322
2013-09-13,0.6305
2013-09-16,0.6279
2013-09-17,0.6289
2013-09-18,0.6264
2013-09-19,0.6233
2013-09-20,0.6242
2013-09-23,0.6224
2013-09-24,0.6248
2013-09-25,0.6219
2013-09-26,0.6245
2013-09-27,0.6198
2013-09-30,0.6181
2013-10-01,0.6170
2013-10-02,0.6164
2013-10-03,0.6185
2013-10-04,0.6223
2013-10-07,0.6218
2013-10-08,0.6215
2013-10-09,0.6272
2013-10-10,0.6260
2013-10-11,0.6272
2013-10-14,0.6266
2013-10-15,0.6260
2013-10-16,0.6288
2013-10-17,0.6186
2013-10-18,0.6179
2013-10-21,0.6192
2013-10-22,0.6165
2013-10-23,0.6184
2013-10-24,0.6178
2013-10-25,0.6189
2013-10-28,0.6199
2013-10-29,0.6227
2013-10-30,0.6220
2013-10-31,0.6224
2013-11-01,0.6281
2013-11-04,0.6270
2013-11-05,0.6233
2013-11-06,0.6219
2013-11-07,0.6223
2013-11-08,0.6252
2013-11-11,0.6267
2013-11-12,0.6283
2013-11-13,0.6237
2013-11-14,0.6220
2013-11-15,0.6208
2013-11-18,0.6207
2013-11-19,0.6207
2013-11-20,0.6192
2013-11-21,0.6190
2013-11-22,0.6169
2013-11-25,0.6193
2013-11-26,0.6178
2013-11-27,0.6147
2013-11-28,0.6127
2013-11-29,0.6108
2013-12-02,0.6111
2013-12-03,0.6092
2013-12-04,0.6115
2013-12-05,0.6124
2013-12-06,0.6125
2013-12-09,0.6096
2013-12-10,0.6089
2013-12-11,0.6102
2013-12-12,0.6125
2013-12-13,0.6137
2013-12-16,0.6131
2013-12-17,0.6152
2013-12-18,0.6102
2013-12-19,0.6104
2013-12-20,0.6114
2013-12-23,0.6114
2013-12-24,0.6108
2013-12-25,0.6098
2013-12-26,0.6088
2013-12-27,0.6064
2013-12-30,0.6053
2013-12-31,0.6034
2014-01-01,0.6058
2014-01-02,0.6082
2014-01-03,0.6089
2014-01-06,0.6093
2014-01-07,0.6090
2014-01-08,0.6075
2014-01-09,0.6076
2014-01-10,0.6072
2014-01-13,0.6105
2014-01-14,0.6079
2014-01-15,0.6107
2014-01-16,0.6122
2014-01-17,0.6087
2014-01-20,0.6079
2014-01-21,0.6072
2014-01-22,0.6035
2014-01-23,0.6020
2014-01-24,0.6064
2014-01-27,0.6028
2014-01-28,0.6031
2014-01-29,0.6038
2014-01-30,0.6065
2014-01-31,0.6079
2014-02-03,0.6132
2014-02-04,0.6135
2014-02-05,0.6132
2014-02-06,0.6118
2014-02-07,0.6099
2014-02-10,0.6091
2014-02-11,0.6072
2014-02-12,0.6032
2014-02-13,0.6009
2014-02-14,0.5975
2014-02-17,0.5982
2014-02-18,0.5989
2014-02-19,0.5982
2014-02-20,0.6010
2014-02-21,0.6013
2014-02-24,0.6009
2014-02-25,0.5989
2014-02-26,0.6007
2014-02-27,0.5991
2014-02-28,0.5970
2014-03-03,0.5984
2014-03-04,0.6001
2014-03-05,0.5978
2014-03-06,0.5973
2014-03-07,0.5979
2014-03-10,0.6012
2014-03-11,0.6014
2014-03-12,0.6022
2014-03-13,0.5996
2014-03-14,0.6013
2014-03-17,0.6008
2014-03-18,0.6034
2014-03-19,0.6014
2014-03-20,0.6057
2014-03-21,0.6061
2014-03-24,0.6064
2014-03-25,0.6058
2014-03-26,0.6036
2014-03-27,0.6014
2014-03-28,0.6011
2014-03-31,0.5997
2014-04-01,0.6010
2014-04-02,0.6012
2014-04-03,0.6030
2014-04-04,0.6026
2014-04-07,0.6018
2014-04-08,0.5973
2014-04-09,0.5970
2014-04-10,0.5959
2014-04-11,0.5975
2014-04-14,0.5973
2014-04-15,0.5979
2014-04-16,0.5955
2014-04-17,0.5949
2014-04-18,0.5955
2014-04-21,0.5955
2014-04-22,0.5941
2014-04-23,0.5964
2014-04-24,0.5953
2014-04-25,0.5949
2014-04-28,0.5948
2014-04-29,0.5942
2014-04-30,0.5923
2014-05-01,0.5917
2014-05-02,0.5929
2014-05-05,0.5928
2014-05-06,0.5891
2014-05-07,0.5895
2014-05-08,0.5902
2014-05-09,0.5935
2014-05-12,0.5927
2014-05-13,0.5939
2014-05-14,0.5958
2014-05-15,0.5956
2014-05-16,0.5943
2014-05-19,0.5945
2014-05-20,0.5936
2014-05-21,0.5928
2014-05-22,0.5932
2014-05-23,0.5945
2014-05-26,0.5948
2014-05-27,0.5952
2014-05-28,0.5985
2014-05-29,0.5981
2014-05-30,0.5965
2014-06-02,0.5968
2014-06-03,0.5969
2014-06-04,0.5971
2014-06-05,0.5954
2014-06-06,0.5955
2014-06-09,0.5953
2014-06-10,0.5969
2014-06-11,0.5954
2014-06-12,0.5934
2014-06-13,0.5899
2014-06-16,0.5887
2014-06-17,0.5894
2014-06-18,0.5899
2014-06-19,0.5866
2014-06-20,0.5878
2014-06-23,0.5879
2014-06-24,0.5892
2014-06-25,0.5887
2014-06-26,0.5876
2014-06-27,0.5877
2014-06-30,0.5846
2014-07-01,0.5832
2014-07-02,0.5826
2014-07-03,0.5830
2014-07-04,0.5834
2014-07-07,0.5838
2014-07-08,0.5839
2014-07-09,0.5838
2014-07-10,0.5840
2014-07-11,0.5845
2014-07-14,0.5855
2014-07-15,0.5831
2014-07-16,0.5837
2014-07-17,0.5847
2014-07-18,0.5859
2014-07-21,0.5859
2014-07-22,0.5862
2014-07-23,0.5870
2014-07-24,0.5889
2014-07-25,0.5892
2014-07-28,0.5885
2014-07-29,0.5904
2014-07-30,0.5916
2014-07-31,0.5921
2014-08-01,0.5941
2014-08-04,0.5938
2014-08-05,0.5926
2014-08-06,0.5941
2014-08-07,0.5935
2014-08-08,0.5960
2014-08-11,0.5957
2014-08-12,0.5950
2014-08-13,0.5989
2014-08-14,0.5990
2014-08-15,0.5993
2014-08-18,0.5981
2014-08-19,0.6017
2014-08-20,0.6012
2014-08-21,0.6028
2014-08-22,0.6034
2014-08-25,0.6030
2014-08-26,0.6035
2014-08-27,0.6034
2014-08-28,0.6032
2014-08-29,0.6030
2014-09-01,0.6045
2014-09-02,0.6060
2014-09-03,0.6079
2014-09-04,0.6117
2014-09-05,0.6130
2014-09-08,0.6195
2014-09-09,0.6216
2014-09-10,0.6198
2014-09-11,0.6163
2014-09-12,0.6156
2014-09-15,0.6156
2014-09-16,0.6139
2014-09-17,0.6124
2014-09-18,0.6108
2014-09-19,0.6130
2014-09-22,0.6120
2014-09-23,0.6109
2014-09-24,0.6118
2014-09-25,0.6130
2014-09-26,0.6152
2014-09-29,0.6149
2014-09-30,0.6165
2014-10-01,0.6167
2014-10-02,0.6196
2014-10-03,0.6265
2014-10-06,0.6239
2014-10-07,0.6222
2014-10-08,0.6224
2014-10-09,0.6202
2014-10-10,0.6231
2014-10-13,0.6254
2014-10-14,0.6277
2014-10-15,0.6266
2014-10-16,0.6225
2014-10-17,0.6217
2014-10-20,0.6197
2014-10-21,0.6198
2014-10-22,0.6223
2014-10-23,0.6236
2014-10-24,0.6212
2014-10-27,0.6198
2014-10-28,0.6189
2014-10-29,0.6192
2014-10-30,0.6241
2014-10-31,0.6250
2014-11-03,0.6255
2014-11-04,0.6254
2014-11-05,0.6256
2014-11-06,0.6304
2014-11-07,0.6312
2014-11-10,0.6306
2014-11-11,0.6315
2014-11-12,0.6323
2014-11-13,0.6363
2014-11-14,0.6387
2014-11-17,0.6392
2014-11-18,0.6391
2014-11-19,0.6382
2014-11-20,0.6376
2014-11-21,0.6381
2014-11-24,0.6369
2014-11-25,0.6364
2014-11-26,0.6334
2014-11-27,0.6364
2014-11-28,0.6395
2014-12-01,0.6352
2014-12-02,0.6389
2014-12-03,0.6369
2014-12-04,0.6367
2014-12-05,0.6410
2014-12-08,0.6400
2014-12-09,0.6372
2014-12-10,0.6374
2014-12-11,0.6365
2014-12-12,0.6358
2014-12-15,0.6384
2014-12-16,0.6355
2014-12-17,0.6389
2014-12-18,0.6385
2014-12-19,0.6407
2014-12-22,0.6403
2014-12-23,0.6445
2014-12-24,0.6431
2014-12-25,0.6435
2014-12-26,0.6438
2014-12-29,0.6442
2014-12-30,0.6421
2014-12-31,0.6419
2015-01-01,0.6464
2015-01-02,0.6510
2015-01-05,0.6564
2015-01-06,0.6590
2015-01-07,0.6634
2015-01-08,0.6615
2015-01-09,0.6600
2015-01-12,0.6593
2015-01-13,0.6594
2015-01-14,0.6564
2015-01-15,0.6596
2015-01-16,0.6609
2015-01-19,0.6602
2015-01-20,0.6595
2015-01-21,0.6615
2015-01-22,0.6644
2015-01-23,0.6657
2015-01-26,0.6628
2015-01-27,0.6581
2015-01-28,0.6594
2015-01-29,0.6648
2015-01-30,0.6655
2015-02-02,0.6655
2015-02-03,0.6610
2015-02-04,0.6575
2015-02-05,0.6539
2015-02-06,0.6559
2015-02-09,0.6572
2015-02-10,0.6557
2015-02-11,0.6565
2015-02-12,0.6502
2015-02-13,0.6496
2015-02-16,0.6506
2015-02-17,0.6515
2015-02-18,0.6481
2015-02-19,0.6472
2015-02-20,0.6500
2015-02-23,0.6466
2015-02-24,0.6479
2015-02-25,0.6452
2015-02-26,0.6483
2015-02-27,0.6477
2015-03-02,0.6506
2015-03-03,0.6497
2015-03-04,0.6551
2015-03-05,0.6566
2015-03-06,0.6639
2015-03-09,0.6624
2015-03-10,0.6629
2015-03-11,0.6691
2015-03-12,0.6708
2015-03-13,0.6777
2015-03-16,0.6757
2015-03-17,0.6782
2015-03-18,0.6809
2015-03-19,0.6789
2015-03-20,0.6701
2015-03-23,0.6695
2015-03-24,0.6725
2015-03-25,0.6705
2015-03-26,0.6737
2015-03-27,0.6721
2015-03-30,0.6760
2015-03-31,0.6734
2015-04-01,0.6746
2015-04-02,0.6738
2015-04-03,0.6704
2015-04-06,0.6685
2015-04-07,0.6731
2015-04-08,0.6701
2015-04-09,0.6785
2015-04-10,0.6827
2015-04-13,0.6822
2015-04-14,0.6761
2015-04-15,0.6765
2015-04-16,0.6701
2015-04-17,0.6693
2015-04-20,0.6706
2015-04-21,0.6692
2015-04-22,0.6655
2015-04-23,0.6646
2015-04-24,0.6589
2015-04-27,0.6564
2015-04-28,0.6524
2015-04-29,0.6458
2015-04-30,0.6524
2015-05-01,0.6606
2015-05-04,0.6615
2015-05-05,0.6588
2015-05-06,0.6560
2015-05-07,0.6569
2015-05-08,0.6470
2015-05-11,0.6413
2015-05-12,0.6376
2015-05-13,0.6350
2015-05-14,0.6343
2015-05-15,0.6340
2015-05-18,0.6378
2015-05-19,0.6442
2015-05-20,0.6433
2015-05-21,0.6381
2015-05-22,0.6458
2015-05-25,0.6476
2015-05-26,0.6494
2015-05-27,0.6526
2015-05-28,0.6540
2015-05-29,0.6542
2015-06-01,0.6585
2015-06-02,0.6523
2015-06-03,0.6514
2015-06-04,0.6507
2015-06-05,0.6550
2015-06-08,0.6545
2015-06-09,0.6501
2015-06-10,0.6439
2015-06-11,0.6455
2015-06-12,0.6416
2015-06-15,0.6422
2015-06-16,0.6395
2015-06-17,0.6366
2015-06-18,0.6296
2015-06-19,0.6297
2015-06-22,0.6320
2015-06-23,0.6349
2015-06-24,0.6377
2015-06-25,0.6358
2015-06-26,0.6354
2015-06-29,0.6344
2015-06-30,0.6358
2015-07-01,0.6403
2015-07-02,0.6405
2015-07-03,0.6403
2015-07-06,0.6402
2015-07-07,0.6475
2015-07-08,0.6513
2015-07-09,0.6504
2015-07-10,0.6450
2015-07-13,0.6444
2015-07-14,0.6417
2015-07-15,0.6402
2015-07-16,0.6410
2015-07-17,0.6400
2015-07-20,0.6416
2015-07-21,0.6431
2015-07-22,0.6403
2015-07-23,0.6438
2015-07-24,0.6446
2015-07-27,0.6412
2015-07-28,0.6403
2015-07-29,0.6400
2015-07-30,0.6418
2015-07-31,0.6396
2015-08-03,0.6409
2015-08-04,0.6405
2015-08-05,0.6409
2015-08-06,0.6443
2015-08-07,0.6465
2015-08-10,0.6433
2015-08-11,0.6422
2015-08-12,0.6394
2015-08-13,0.6412
2015-08-14,0.6400
2015-08-17,0.6411
2015-08-18,0.6387
2015-08-19,0.6392
2015-08-20,0.6374
2015-08-21,0.6370
2015-08-24,0.6357
2015-08-25,0.6370
2015-08-26,0.6455
2015-08-27,0.6489
2015-08-28,0.6510
2015-08-31,0.6509
2015-09-01,0.6518
2015-09-02,0.6532
2015-09-03,0.6556
2015-09-04,0.6581
2015-09-07,0.6541
2015-09-08,0.6502
2015-09-09,0.6509
2015-09-10,0.6470
2015-09-11,0.6483
2015-09-14,0.6484
2015-09-15,0.6514
2015-09-16,0.6452
2015-09-17,0.6448
2015-09-18,0.6421
2015-09-21,0.6449
2015-09-22,0.6512
2015-09-23,0.6560
2015-09-24,0.6556
2015-09-25,0.6591
2015-09-28,0.6575
2015-09-29,0.6593
2015-09-30,0.6616
2015-10-01,0.6595
2015-10-02,0.6572
2015-10-05,0.6594
2015-10-06,0.6567
2015-10-07,0.6530
2015-10-08,0.6529
2015-10-09,0.6530
2015-10-12,0.6545
2015-10-13,0.6561
2015-10-14,0.6475
2015-10-15,0.6462
2015-10-16,0.6476
2015-10-19,0.6464
2015-10-20,0.6464
2015-10-21,0.6467
2015-10-22,0.6494
2015-10-23,0.6519
2015-10-26,0.6510
2015-10-27,0.6531
2015-10-28,0.6528
2015-10-29,0.6538
2015-10-30,0.6475
2015-11-02,0.6482
2015-11-03,0.6492
2015-11-04,0.6503
2015-11-05,0.6563
2015-11-06,0.6635
2015-11-09,0.6612
2015-11-10,0.6618
2015-11-11,0.6597
2015-11-12,0.6576
2015-11-13,0.6575
2015-11-16,0.6577
2015-11-17,0.6573
2015-11-18,0.6575
2015-11-19,0.6524
2015-11-20,0.6579
2015-11-23,0.6612
2015-11-24,0.6641
2015-11-25,0.6619
2015-11-26,0.6634
2015-11-27,0.6649
2015-11-30,0.6647
2015-12-01,0.6634
2015-12-02,0.6699
2015-12-03,0.6628
2015-12-04,0.6623
2015-12-07,0.6633
2015-12-08,0.6667
2015-12-09,0.6593
2015-12-10,0.6589
2015-12-11,0.6573
2015-12-14,0.6609
2015-12-15,0.6647
2015-12-16,0.6661
2015-12-17,0.6722
2015-12-18,0.6705
2015-12-21,0.6709
2015-12-22,0.6752
2015-12-23,0.6728
2015-12-24,0.6692
2015-12-25,0.6706
2015-12-28,0.6719
2015-12-29,0.6759
2015-12-30,0.6742
2015-12-31,0.6782
2016-01-01,0.6795
2016-01-04,0.6809
2016-01-05,0.6819
2016-01-06,0.6837
2016-01-07,0.6859
2016-01-08,0.6886
2016-01-11,0.6866
2016-01-12,0.6943
2016-01-13,0.6911
2016-01-14,0.6940
2016-01-15,0.6998
2016-01-18,0.7027
2016-01-19,0.7057
2016-01-20,0.7059
2016-01-21,0.7043
2016-01-22,0.6989
2016-01-25,0.7020
2016-01-26,0.6973
2016-01-27,0.7012
2016-01-28,0.6968
2016-01-29,0.7050
2016-02-01,0.6960
2016-02-02,0.6945
2016-02-03,0.6861
2016-02-04,0.6859
2016-02-05,0.6912
2016-02-08,0.6937
2016-02-09,0.6909
2016-02-10,0.6909
2016-02-11,0.6921
2016-02-12,0.6916
2016-02-15,0.6957
2016-02-16,0.6998
2016-02-17,0.6985
2016-02-18,0.6977
2016-02-19,0.6972
2016-02-22,0.7064
2016-02-23,0.7123
2016-02-24,0.7178
2016-02-25,0.7175
2016-02-26,0.7211
2016-02-29,0.7181
2016-03-01,0.7169
2016-03-02,0.7113
2016-03-03,0.7066
2016-03-04,0.7029
2016-03-07,0.7015
2016-03-08,0.7030
2016-03-09,0.7024
2016-03-10,0.6990
2016-03-11,0.6932
2016-03-14,0.6981
2016-03-15,0.7059
2016-03-16,0.7092
2016-03-17,0.6901
2016-03-18,0.6890
2016-03-21,0.6943
2016-03-22,0.7034
2016-03-23,0.7087
2016-03-24,0.7071
2016-03-25,0.7077
2016-03-28,0.7018
2016-03-29,0.7002
2016-03-30,0.6949
2016-03-31,0.6954
2016-04-01,0.7040
2016-04-04,0.7003
2016-04-05,0.7068
2016-04-06,0.7061
2016-04-07,0.7101
2016-04-08,0.7090
2016-04-11,0.7022
2016-04-12,0.7020
2016-04-13,0.7031
2016-04-14,0.7068
2016-04-15,0.7034
2016-04-18,0.7005
2016-04-19,0.6946
2016-04-20,0.6957
2016-04-21,0.6974
2016-04-22,0.6949
2016-04-25,0.6900
2016-04-26,0.6844
2016-04-27,0.6871
2016-04-28,0.6858
2016-04-29,0.6838
2016-05-02,0.6818
2016-05-03,0.6876
2016-05-04,0.6908
2016-05-05,0.6903
2016-05-06,0.6926
2016-05-09,0.6940
2016-05-10,0.6919
2016-05-11,0.6906
2016-05-12,0.6919
2016-05-13,0.6959
2016-05-16,0.6939
2016-05-17,0.6904
2016-05-18,0.6842
2016-05-19,0.6846
2016-05-20,0.6890
2016-05-23,0.6923
2016-05-24,0.6839
2016-05-25,0.6805
2016-05-26,0.6815
2016-05-27,0.6829
2016-05-30,0.6855
2016-05-31,0.6882
2016-06-01,0.6947
2016-06-02,0.6935
2016-06-03,0.6887
2016-06-06,0.6920
2016-06-07,0.6866
2016-06-08,0.6875
2016-06-09,0.6912
2016-06-10,0.6973
2016-06-13,0.7031
2016-06-14,0.7077
2016-06-15,0.7050
2016-06-16,0.7105
2016-06-17,0.7000
2016-06-20,0.6808
2016-06-21,0.6818
2016-06-22,0.6811
2016-06-23,0.6757
2016-06-24,0.7332
2016-06-27,0.7566
2016-06-28,0.7522
2016-06-29,0.7402
2016-06-30,0.7552
2016-07-01,0.7530
2016-07-04,0.7604
2016-07-05,0.7680
2016-07-06,0.7739
2016-07-07,0.7736
2016-07-08,0.7729
2016-07-11,0.7701
2016-07-12,0.7555
2016-07-13,0.7587
2016-07-14,0.7501
2016-07-15,0.7579
2016-07-18,0.7531
2016-07-19,0.7620
2016-07-20,0.7588
2016-07-21,0.7567
2016-07-22,0.7639
2016-07-25,0.7616
2016-07-26,0.7614
2016-07-27,0.7637
2016-07-28,0.7604
2016-07-29,0.7536
2016-08-01,0.7571
2016-08-02,0.7504
2016-08-03,0.7499
2016-08-04,0.7609
2016-08-05,0.7652
2016-08-08,0.7668
2016-08-09,0.7686
2016-08-10,0.7693
2016-08-11,0.7716
2016-08-12,0.7732
2016-08-15,0.7768
2016-08-16,0.7681
2016-08-17,0.7685
2016-08-18,0.7606
2016-08-19,0.7656
2016-08-22,0.7614
2016-08-23,0.7588
2016-08-24,0.7555
2016-08-25,0.7589
2016-08-26,0.7594
2016-08-29,0.7640
2016-08-30,0.7643
2016-08-31,0.7617
2016-09-01,0.7534
2016-09-02,0.7519
2016-09-05,0.7483
2016-09-06,0.7447
2016-09-07,0.7497
2016-09-08,0.7518
2016-09-09,0.7543
2016-09-12,0.7511
2016-09-13,0.7585
2016-09-14,0.7573
2016-09-15,0.7567
2016-09-16,0.7639
2016-09-19,0.7662
2016-09-20,0.7708
2016-09-21,0.7705
2016-09-22,0.7638
2016-09-23,0.7717
2016-09-26,0.7705
2016-09-27,0.7689
2016-09-28,0.7695
2016-09-29,0.7698
2016-09-30,0.7683
2016-10-03,0.7788
2016-10-04,0.7846
2016-10-05,0.7846
2016-10-06,0.7907
2016-10-07,0.8042
2016-10-10,0.8113
2016-10-11,0.8185
2016-10-12,0.8200
2016-10-13,0.8196
2016-10-14,0.8204
2016-10-17,0.8206
2016-10-18,0.8123
2016-10-19,0.8144
2016-10-20,0.8159
2016-10-21,0.8190
2016-10-24,0.8194
2016-10-25,0.8221
2016-10-26,0.8174
2016-10-27,0.8215
2016-10-28,0.8227
2016-10-31,0.8189
2016-11-01,0.8185
2016-11-02,0.8120
2016-11-03,0.8030
2016-11-04,0.7971
2016-11-07,0.8063
2016-11-08,0.8083
2016-11-09,0.8017
2016-11-10,0.7985
2016-11-11,0.8003
2016-11-14,0.8020
2016-11-15,0.8050
2016-11-16,0.8032
2016-11-17,0.8032
2016-11-18,0.8112
2016-11-21,0.8017
2016-11-22,0.8049
2016-11-23,0.8027
2016-11-24,0.8026
2016-11-25,0.8024
2016-11-28,0.8057
2016-11-29,0.7997
2016-11-30,0.8012
2016-12-01,0.7939
2016-12-02,0.7883
2016-12-05,0.7869
2016-12-06,0.7870
2016-12-07,0.7934
2016-12-08,0.7953
2016-12-09,0.7943
2016-12-12,0.7888
2016-12-13,0.7883
2016-12-14,0.7870
2016-12-15,0.8072
2016-12-16,0.8014
2016-12-19,0.8052
2016-12-20,0.8092
2016-12-21,0.8098
2016-12-22,0.8129
2016-12-23,0.8162
2016-12-26,0.8159
2016-12-27,0.8156
2016-12-28,0.8182
2016-12-29,0.8172
2016-12-30,0.8106
2017-01-02,0.8132
2017-01-03,0.8159
2017-01-04,0.8131
2017-01-05,0.8055
2017-01-06,0.8121
2017-01-09,0.8219
2017-01-10,0.8220
2017-01-11,0.8252
2017-01-12,0.8189
2017-01-13,0.8198
2017-01-16,0.8135
2017-01-17,0.8072
2017-01-18,0.8124
2017-01-19,0.8118
2017-01-20,0.8063
2017-01-23,0.8010
2017-01-24,0.7980
2017-01-25,0.7924
2017-01-26,0.7950
2017-01-27,0.7980
2017-01-30,0.8014
2017-01-31,0.7946
2017-02-01,0.7910
2017-02-02,0.7974
2017-02-03,0.7997
2017-02-06,0.8032
2017-02-07,0.8009
2017-02-08,0.7973
2017-02-09,0.7990
2017-02-10,0.7999
2017-02-13,0.7994
2017-02-14,0.8022
2017-02-15,0.8022
2017-02-16,0.8015
2017-02-17,0.8046
2017-02-20,0.8034
2017-02-21,0.8022
2017-02-22,0.8028
2017-02-23,0.7969
2017-02-24,0.8001
2017-02-27,0.8017
2017-02-28,0.8047
2017-03-01,0.8118
2017-03-02,0.8152
2017-03-03,0.8164
2017-03-06,0.8168
2017-03-07,0.8191
2017-03-08,0.8229
2017-03-09,0.8220
2017-03-10,0.8225
2017-03-13,0.8174
2017-03-14,0.8218
2017-03-15,0.8182
2017-03-16,0.8084
2017-03-17,0.8083
2017-03-20,0.8087
2017-03-21,0.8013
2017-03-22,0.8015
2017-03-23,0.7983
2017-03-24,0.8006
2017-03-27,0.7947
2017-03-28,0.7998
2017-03-29,0.8057
2017-03-30,0.8007
2017-03-31,0.7976
2017-04-03,0.8013
2017-04-04,0.8041
2017-04-05,0.8008
2017-04-06,0.8009
2017-04-07,0.8066
2017-04-10,0.8053
2017-04-11,0.8010
2017-04-12,0.8000
2017-04-13,0.7986
2017-04-14,0.7980
2017-04-17,0.7945
2017-04-18,0.7831
2017-04-19,0.7819
2017-04-20,0.7794
2017-04-21,0.7823
2017-04-24,0.7823
2017-04-25,0.7791
2017-04-26,0.7789
2017-04-27,0.7759
2017-04-28,0.7729
2017-05-01,0.7742
2017-05-02,0.7739
2017-05-03,0.7742
2017-05-04,0.7746
2017-05-05,0.7722
2017-05-08,0.7727
2017-05-09,0.7729
2017-05-10,0.7729
2017-05-11,0.7761
2017-05-12,0.7764
2017-05-15,0.7742
2017-05-16,0.7745
2017-05-17,0.7726
2017-05-18,0.7687
2017-05-19,0.7682
2017-05-22,0.7689
2017-05-23,0.7702
2017-05-24,0.7731
2017-05-25,0.7720
2017-05-26,0.7816
2017-05-29,0.7796
2017-05-30,0.7777
2017-05-31,0.7749
2017-06-01,0.7756
2017-06-02,0.7761
2017-06-05,0.7742
2017-06-06,0.7751
2017-06-07,0.7727
2017-06-08,0.7729
2017-06-09,0.7851
2017-06-12,0.7900
2017-06-13,0.7850
2017-06-14,0.7808
2017-06-15,0.7832
2017-06-16,0.7826
2017-06-19,0.7847
2017-06-20,0.7919
2017-06-21,0.7895
2017-06-22,0.7900
2017-06-23,0.7857
2017-06-26,0.7854
2017-06-27,0.7818
2017-06-28,0.7730
2017-06-29,0.7702
2017-06-30,0.7695
2017-07-03,0.7721
2017-07-04,0.7726
2017-07-05,0.7732
2017-07-06,0.7712
2017-07-07,0.7764
2017-07-10,0.7762
2017-07-11,0.7781
2017-07-12,0.7759
2017-07-13,0.7739
2017-07-14,0.7646
2017-07-17,0.7658
2017-07-18,0.7677
2017-07-19,0.7671
2017-07-20,0.7707
2017-07-21,0.7711
2017-07-24,0.7676
2017-07-25,0.7665
2017-07-26,0.7664
2017-07-27,0.7654
2017-07-28,0.7620
2017-07-31,0.7578
2017-08-01,0.7572
2017-08-02,0.7555
2017-08-03,0.7608
2017-08-04,0.7671
2017-08-07,0.7680
2017-08-08,0.7711
2017-08-09,0.7694
2017-08-10,0.7705
2017-08-11,0.7699
2017-08-14,0.7707
2017-08-15,0.7775
2017-08-16,0.7776
2017-08-17,0.7759
2017-08-18,0.7784
2017-08-21,0.7750
2017-08-22,0.7792
2017-08-23,0.7820
2017-08-24,0.7811
2017-08-25,0.7768
2017-08-28,0.7736
2017-08-29,0.7730
2017-08-30,0.7732
2017-08-31,0.7759
2017-09-01,0.7709
2017-09-04,0.7697
2017-09-05,0.7685
2017-09-06,0.7649
2017-09-07,0.7637
2017-09-08,0.7569
2017-09-11,0.7591
2017-09-12,0.7530
2017-09-13,0.7565
2017-09-14,0.7464
2017-09-15,0.7365
2017-09-18,0.7416
2017-09-19,0.7398
2017-09-20,0.7372
2017-09-21,0.7366
2017-09-22,0.7390
2017-09-25,0.7431
2017-09-26,0.7450
2017-09-27,0.7462
2017-09-28,0.7443
2017-09-29,0.7462
2017-10-02,0.7537
2017-10-03,0.7547
2017-10-04,0.7537
2017-10-05,0.7615
2017-10-06,0.7655
2017-10-09,0.7611
2017-10-10,0.7567
2017-10-11,0.7570
2017-10-12,0.7591
2017-10-13,0.7517
2017-10-16,0.7527
2017-10-17,0.7586
2017-10-18,0.7586
2017-10-19,0.7587
2017-10-20,0.7588
2017-10-23,0.7575
2017-10-24,0.7620
2017-10-25,0.7546
2017-10-26,0.7587
2017-10-27,0.7629
2017-10-30,0.7579
2017-10-31,0.7530
2017-11-01,0.7543
2017-11-02,0.7652
2017-11-03,0.7653
2017-11-06,0.7607
2017-11-07,0.7603
2017-11-08,0.7629
2017-11-09,0.7614
2017-11-10,0.7624
2017-11-13,0.7633
2017-11-14,0.7617
2017-11-15,0.7596
2017-11-16,0.7577
2017-11-17,0.7563
2017-11-20,0.7552
2017-11-21,0.7557
2017-11-22,0.7524
2017-11-23,0.7511
2017-11-24,0.7499
2017-11-27,0.7500
2017-11-28,0.7558
2017-11-29,0.7443
2017-11-30,0.7404
2017-12-01,0.7405
2017-12-04,0.7427
2017-12-05,0.7435
2017-12-06,0.7473
2017-12-07,0.7445
2017-12-08,0.7481
2017-12-11,0.7483
2017-12-12,0.7506
2017-12-13,0.7482
2017-12-14,0.7440
2017-12-15,0.7510
2017-12-18,0.7464
2017-12-19,0.7487
2017-12-20,0.7458
2017-12-21,0.7478
2017-12-22,0.7474
2017-12-25,0.7477
2017-12-26,0.7480
2017-12-27,0.7461
2017-12-28,0.7435
2017-12-29,0.7392
2018-01-01,0.7373
2018-01-02,0.7355
2018-01-03,0.7395
2018-01-04,0.7386
2018-01-05,0.7374
2018-01-08,0.7371
2018-01-09,0.7398
2018-01-10,0.7400
2018-01-11,0.7384
2018-01-12,0.7305
2018-01-15,0.7283
2018-01-16,0.7260
2018-01-17,0.7234
2018-01-18,0.7200
2018-01-19,0.7217
2018-01-22,0.7172
2018-01-23,0.7159
2018-01-24,0.7043
2018-01-25,0.7011
2018-01-26,0.7053
2018-01-29,0.7121
2018-01-30,0.7080
2018-01-31,0.7047
2018-02-01,0.7019
2018-02-02,0.7079
2018-02-05,0.7132
2018-02-06,0.7168
2018-02-07,0.7204
2018-02-08,0.7186
2018-02-09,0.7250
2018-02-12,0.7236
2018-02-13,0.7198
2018-02-14,0.7166
2018-02-15,0.7112
2018-02-16,0.7115
2018-02-19,0.7124
2018-02-20,0.7132
2018-02-21,0.7171
2018-02-22,0.7174
2018-02-23,0.7154
2018-02-26,0.7167
2018-02-27,0.7191
2018-02-28,0.7250
2018-03-01,0.7270
2018-03-02,0.7263
2018-03-05,0.7217
2018-03-06,0.7201
2018-03-07,0.7200
2018-03-08,0.7234
2018-03-09,0.7213
2018-03-12,0.7195
2018-03-13,0.7149
2018-03-14,0.7171
2018-03-15,0.7168
2018-03-16,0.7184
2018-03-19,0.7127
2018-03-20,0.7136
2018-03-21,0.7110
2018-03-22,0.7093
2018-03-23,0.7067
2018-03-26,0.7024
2018-03-27,0.7062
2018-03-28,0.7087
2018-03-29,0.7128
2018-03-30,0.7129
2018-04-02,0.7127
2018-04-03,0.7108
2018-04-04,0.7104
2018-04-05,0.7147
2018-04-06,0.7098
2018-04-09,0.7074
2018-04-10,0.7062
2018-04-11,0.7045
2018-04-12,0.7020
2018-04-13,0.7015
2018-04-16,0.6977
2018-04-17,0.6993
2018-04-18,0.7029
2018-04-19,0.7046
2018-04-20,0.7126
2018-04-23,0.7167
2018-04-24,0.7156
2018-04-25,0.7173
2018-04-26,0.7180
2018-04-27,0.7254
2018-04-30,0.7272
2018-05-01,0.7347
2018-05-02,0.7348
2018-05-03,0.7370
2018-05-04,0.7388
2018-05-07,0.7371
2018-05-08,0.7396
2018-05-09,0.7371
2018-05-10,0.7415
2018-05-11,0.7381
2018-05-14,0.7356
2018-05-15,0.7401
2018-05-16,0.7419
2018-05-17,0.7404
2018-05-18,0.7421
2018-05-21,0.7453
2018-05-22,0.7438
2018-05-23,0.7496
2018-05-24,0.7472
2018-05-25,0.7507
2018-05-28,0.7525
2018-05-29,0.7543
2018-05-30,0.7521
2018-05-31,0.7525
2018-06-01,0.7486
2018-06-04,0.7511
2018-06-05,0.7485
2018-06-06,0.7447
2018-06-07,0.7448
2018-06-08,0.7459
2018-06-11,0.7470
2018-06-12,0.7454
2018-06-13,0.7475
2018-06-14,0.7500
2018-06-15,0.7528
2018-06-18,0.7549
2018-06-19,0.7592
2018-06-20,0.7568
2018-06-21,0.7547
2018-06-22,0.7543
2018-06-25,0.7534
2018-06-26,0.7551
2018-06-27,0.7611
2018-06-28,0.7637
2018-06-29,0.7577
2018-07-02,0.7614
2018-07-03,0.7591
2018-07-04,0.7575
2018-07-05,0.7560
2018-07-06,0.7540
2018-07-09,0.7575
2018-07-10,0.7538
2018-07-11,0.7552
2018-07-12,0.7554
2018-07-13,0.7567
2018-07-16,0.7555
2018-07-17,0.7598
2018-07-18,0.7663
2018-07-19,0.7700
2018-07-20,0.7625
2018-07-23,0.7631
2018-07-24,0.7613
2018-07-25,0.7605
2018-07-26,0.7623
2018-07-27,0.7623
2018-07-30,0.7610
2018-07-31,0.7619
2018-08-01,0.7622
2018-08-02,0.7672
2018-08-03,0.7680
2018-08-06,0.7724
2018-08-07,0.7718
2018-08-08,0.7764
2018-08-09,0.7770
2018-08-10,0.7831
2018-08-13,0.7839
2018-08-14,0.7851
2018-08-15,0.7883
2018-08-16,0.7860
2018-08-17,0.7852
2018-08-20,0.7834
2018-08-21,0.7776
2018-08-22,0.7746
2018-08-23,0.7794
2018-08-24,0.7777
2018-08-27,0.7757
2018-08-28,0.7760
2018-08-29,0.7689
2018-08-30,0.7694
2018-08-31,0.7714
2018-09-03,0.7753
2018-09-04,0.7792
2018-09-05,0.7750
2018-09-06,0.7732
2018-09-07,0.7732
2018-09-10,0.7677
2018-09-11,0.7683
2018-09-12,0.7675
2018-09-13,0.7631
2018-09-14,0.7643
2018-09-17,0.7607
2018-09-18,0.7600
2018-09-19,0.7598
2018-09-20,0.7555
2018-09-21,0.7653
2018-09-24,0.7617
2018-09-25,0.7598
2018-09-26,0.7586
2018-09-27,0.7631
2018-09-28,0.7661
2018-10-01,0.7673
2018-10-02,0.7702
2018-10-03,0.7696
2018-10-04,0.7684
2018-10-05,0.7633
2018-10-08,0.7622
2018-10-09,0.7611
2018-10-10,0.7572
2018-10-11,0.7580
2018-10-12,0.7602
2018-10-15,0.7594
2018-10-16,0.7570
2018-10-17,0.7612
2018-10-18,0.7656
2018-10-19,0.7666
2018-10-22,0.7708
2018-10-23,0.7703
2018-10-24,0.7753
2018-10-25,0.7796
2018-10-26,0.7797
2018-10-29,0.7808
2018-10-30,0.7855
2018-10-31,0.7825
2018-11-01,0.7708
2018-11-02,0.7713
2018-11-05,0.7680
2018-11-06,0.7648
2018-11-07,0.7608
2018-11-08,0.7624
2018-11-09,0.7705
2018-11-12,0.7690
2018-11-13,0.7674
2018-11-14,0.7686
2018-11-15,0.7844
2018-11-16,0.7789
2018-11-19,0.7787
2018-11-20,0.7807
2018-11-21,0.7827
2018-11-22,0.7819
2018-11-23,0.7810
2018-11-26,0.7807
2018-11-27,0.7856
2018-11-28,0.7833
2018-11-29,0.7819
2018-11-30,0.7830
2018-12-03,0.7848
2018-12-04,0.7862
2018-12-05,0.7844
2018-12-06,0.7827
2018-12-07,0.7844
2018-12-10,0.7963
2018-12-11,0.7985
2018-12-12,0.7900
2018-12-13,0.7915
2018-12-14,0.7955
2018-12-17,0.7933
2018-12-18,0.7909
2018-12-19,0.7893
2018-12-20,0.7905
2018-12-21,0.7886
2018-12-24,0.7887
2018-12-25,0.7888
2018-12-26,0.7889
2018-12-27,0.7920
2018-12-28,0.7875
2018-12-31,0.7835
2019-01-01,0.7886
2019-01-02,0.7938
2019-01-03,0.7916
2019-01-04,0.7849
2019-01-07,0.7839
2019-01-08,0.7859
2019-01-09,0.7835
2019-01-10,0.7832
2019-01-11,0.7791
2019-01-14,0.7813
2019-01-15,0.7836
2019-01-16,0.7775
2019-01-17,0.7728
2019-01-18,0.7753
2019-01-21,0.7736
2019-01-22,0.7719
2019-01-23,0.7649
2019-01-24,0.7676
2019-01-25,0.7590
2019-01-28,0.7600
2019-01-29,0.7607
2019-01-30,0.7656
2019-01-31,0.7613
2019-02-01,0.7637
2019-02-04,0.7652
2019-02-05,0.7724
2019-02-06,0.7718
2019-02-07,0.7712
2019-02-08,0.7732
2019-02-11,0.7775
2019-02-12,0.7760
2019-02-13,0.7773
2019-02-14,0.7817
2019-02-15,0.7778
2019-02-18,0.7724
2019-02-19,0.7671
2019-02-20,0.7664
2019-02-21,0.7657
2019-02-22,0.7653
2019-02-25,0.7658
2019-02-26,0.7546
2019-02-27,0.7509
2019-02-28,0.7534
2019-03-01,0.7563
2019-03-04,0.7584
2019-03-05,0.7610
2019-03-06,0.7606
2019-03-07,0.7630
2019-03-08,0.7686
2019-03-11,0.7637
2019-03-12,0.7633
2019-03-13,0.7559
2019-03-14,0.7530
2019-03-15,0.7531
2019-03-18,0.7563
2019-03-19,0.7540
2019-03-20,0.7581
2019-03-21,0.7649
2019-03-22,0.7565
2019-03-25,0.7574
2019-03-26,0.7567
2019-03-27,0.7580
2019-03-28,0.7641
2019-03-29,0.7673
2019-04-01,0.7608
2019-04-02,0.7672
2019-04-03,0.7587
2019-04-04,0.7650
2019-04-05,0.7686
2019-04-08,0.7664
2019-04-09,0.7664
2019-04-10,0.7634
2019-04-11,0.7652
2019-04-12,0.7642
2019-04-15,0.7631
2019-04-16,0.7663
2019-04-17,0.7671
2019-04-18,0.7691
2019-04-19,0.7691
2019-04-22,0.7702
2019-04-23,0.7726
2019-04-24,0.7724
2019-04-25,0.7751
2019-04-26,0.7734
2019-04-29,0.7738
2019-04-30,0.7675
2019-05-01,0.7639
2019-05-02,0.7673
2019-05-03,0.7611
2019-05-06,0.7638
2019-05-07,0.7662
2019-05-08,0.7684
2019-05-09,0.7685
2019-05-10,0.7671
2019-05-13,0.7715
2019-05-14,0.7739
2019-05-15,0.7765
2019-05-16,0.7811
2019-05-17,0.7860
2019-05-20,0.7863
2019-05-21,0.7845
2019-05-22,0.7890
2019-05-23,0.7895
2019-05-24,0.7874
2019-05-27,0.7884
2019-05-28,0.7894
2019-05-29,0.7917
2019-05-30,0.7925
2019-05-31,0.7924
2019-06-03,0.7923
2019-06-04,0.7890
2019-06-05,0.7870
2019-06-06,0.7866
2019-06-07,0.7849
2019-06-10,0.7884
2019-06-11,0.7859
2019-06-12,0.7878
2019-06-13,0.7888
2019-06-14,0.7936
2019-06-17,0.7957
2019-06-18,0.7970
2019-06-19,0.7921
2019-06-20,0.7874
2019-06-21,0.7872
2019-06-24,0.7857
2019-06-25,0.7861
2019-06-26,0.7876
2019-06-27,0.7890
2019-06-28,0.7872
2019-07-01,0.7909
2019-07-02,0.7937
2019-07-03,0.7957
2019-07-04,0.7976
2019-07-05,0.7996
2019-07-08,0.7998
2019-07-09,0.8024
2019-07-10,0.7996
2019-07-11,0.7969
2019-07-12,0.7966
2019-07-15,0.7985
2019-07-16,0.8059
2019-07-17,0.8040
2019-07-18,0.8004
2019-07-19,0.8000
2019-07-22,0.8016
2019-07-23,0.8033
2019-07-24,0.8001
2019-07-25,0.8019
2019-07-26,0.8073
2019-07-29,0.8173
2019-07-30,0.8232
2019-07-31,0.8183
2019-08-01,0.8234
2019-08-02,0.8243
2019-08-05,0.8220
2019-08-06,0.8231
2019-08-07,0.8225
2019-08-08,0.8239
2019-08-09,0.8275
2019-08-12,0.8285
2019-08-13,0.8287
2019-08-14,0.8286
2019-08-15,0.8256
2019-08-16,0.8229
2019-08-19,0.8239
2019-08-20,0.8228
2019-08-21,0.8236
2019-08-22,0.8163
2019-08-23,0.8156
2019-08-26,0.8175
2019-08-27,0.8138
2019-08-28,0.8165
2019-08-29,0.8199
2019-08-30,0.8220
2019-09-02,0.8247
2019-09-03,0.8274
2019-09-04,0.8203
2019-09-05,0.8106
2019-09-06,0.8131
2019-09-09,0.8085
2019-09-10,0.8094
2019-09-11,0.8111
2019-09-12,0.8093
2019-09-13,0.8024
2019-09-16,0.8050
2019-09-17,0.8004
2019-09-18,0.8014
2019-09-19,0.8012
2019-09-20,0.8007
2019-09-23,0.8046
2019-09-24,0.8016
2019-09-25,0.8089
2019-09-26,0.8102
2019-09-27,0.8122
2019-09-30,0.8127
2019-10-01,0.8169
2019-10-02,0.8121
2019-10-03,0.8071
2019-10-04,0.8124
2019-10-07,0.8116
2019-10-08,0.8193
2019-10-09,0.8187
2019-10-10,0.8076
2019-10-11,0.7885
2019-10-14,0.7868
2019-10-15,0.7851
2019-10-16,0.7780
2019-10-17,0.7780
2019-10-18,0.7750
2019-10-21,0.7702
2019-10-22,0.7723
2019-10-23,0.7760
2019-10-24,0.7806
2019-10-25,0.7792
2019-10-28,0.7776
2019-10-29,0.7749
2019-10-30,0.7769
2019-10-31,0.7729
2019-11-01,0.7722
2019-11-04,0.7748
2019-11-05,0.7770
2019-11-06,0.7769
2019-11-07,0.7795
2019-11-08,0.7819
2019-11-11,0.7799
2019-11-12,0.7779
2019-11-13,0.7788
2019-11-14,0.7765
2019-11-15,0.7751
2019-11-18,0.7713
2019-11-19,0.7736
2019-11-20,0.7741
2019-11-21,0.7743
2019-11-22,0.7795
2019-11-25,0.7761
2019-11-26,0.7782
2019-11-27,0.7763
2019-11-28,0.7746
2019-11-29,0.7729
2019-12-02,0.7730
2019-12-03,0.7691
2019-12-04,0.7637
2019-12-05,0.7596
2019-12-06,0.7618
2019-12-09,0.7601
2019-12-10,0.7588
2019-12-11,0.7590
2019-12-12,0.7614
2019-12-13,0.7491
2019-12-16,0.7502
2019-12-17,0.7624
2019-12-18,0.7646
2019-12-19,0.7672
2019-12-20,0.7671
2019-12-23,0.7742
2019-12-24,0.7719
2019-12-25,0.7704
2019-12-26,0.7688
2019-12-27,0.7639
2019-12-30,0.7610
2019-12-31,0.7536
2020-01-01,0.7577
2020-01-02,0.7617
2020-01-03,0.7639
2020-01-06,0.7597
2020-01-07,0.7618
2020-01-08,0.7628
2020-01-09,0.7652
2020-01-10,0.7657
2020-01-13,0.7702
2020-01-14,0.7682
2020-01-15,0.7675
2020-01-16,0.7648
2020-01-17,0.7675
2020-01-20,0.7670
2020-01-21,0.7665
2020-01-22,0.7613
2020-01-23,0.7631
2020-01-24,0.7651
2020-01-27,0.7660
2020-01-28,0.7695
2020-01-29,0.7685
2020-01-30,0.7630
2020-01-31,0.7579
2020-02-03,0.7689
2020-02-04,0.7675
2020-02-05,0.7692
2020-02-06,0.7731
2020-02-07,0.7747
2020-02-10,0.7741
2020-02-11,0.7725
2020-02-12,0.7705
2020-02-13,0.7662
2020-02-14,0.7669
2020-02-17,0.7676
2020-02-18,0.7682
2020-02-19,0.7732
2020-02-20,0.7766
2020-02-21,0.7712
2020-02-24,0.7738
2020-02-25,0.7690
2020-02-26,0.7739
2020-02-27,0.7766
2020-02-28,0.7826
2020-03-02,0.7818
2020-03-03,0.7796
2020-03-04,0.7791
2020-03-05,0.7729
2020-03-06,0.7686
2020-03-09,0.7634
2020-03-10,0.7732
2020-03-11,0.7760
2020-03-12,0.7974
2020-03-13,0.8061
2020-03-16,0.8145
2020-03-17,0.8322
2020-03-18,0.8503
2020-03-19,0.8575
2020-03-20,0.8516
2020-03-23,0.8702
2020-03-24,0.8486
2020-03-25,0.8501
2020-03-26,0.8237
2020-03-27,0.8091
2020-03-30,0.8070
2020-03-31,0.8030
2020-04-01,0.8068
2020-04-02,0.8078
2020-04-03,0.8178
2020-04-06,0.8131
2020-04-07,0.8102
2020-04-08,0.8068
2020-04-09,0.8027
2020-04-10,0.8010
2020-04-13,0.7988
2020-04-14,0.7926
2020-04-15,0.7985
2020-04-16,0.8043
2020-04-17,0.7998
2020-04-20,0.8021
2020-04-21,0.8153
2020-04-22,0.8109
2020-04-23,0.8085
2020-04-24,0.8107
2020-04-27,0.8051
2020-04-28,0.8040
2020-04-29,0.8046
2020-04-30,0.7935
2020-05-01,0.7994
2020-05-04,0.8045
2020-05-05,0.8033
2020-05-06,0.8099
2020-05-07,0.8098
2020-05-08,0.8041
2020-05-11,0.8110
2020-05-12,0.8131
2020-05-13,0.8180
2020-05-14,0.8201
2020-05-15,0.8245
2020-05-18,0.8189
2020-05-19,0.8160
2020-05-20,0.8159
2020-05-21,0.8179
2020-05-22,0.8212
2020-05-25,0.8158
2020-05-26,0.8106
2020-05-27,0.8176
2020-05-28,0.8114
2020-05-29,0.8117
2020-06-01,0.8018
2020-06-02,0.7980
2020-06-03,0.7937
2020-06-04,0.7931
2020-06-05,0.7872
2020-06-08,0.7878
2020-06-09,0.7852
2020-06-10,0.7838
2020-06-11,0.7915
2020-06-12,0.7983
2020-06-15,0.7973
2020-06-16,0.7945
2020-06-17,0.7983
2020-06-18,0.8045
2020-06-19,0.8089
2020-06-22,0.8034
2020-06-23,0.7980
2020-06-24,0.8044
2020-06-25,0.8061
2020-06-26,0.8106
2020-06-29,0.8144
2020-06-30,0.8085
2020-07-01,0.8017
2020-07-02,0.8020
2020-07-03,0.8016
2020-07-06,0.8012
2020-07-07,0.7954
2020-07-08,0.7941
2020-07-09,0.7928
2020-07-10,0.7903
2020-07-13,0.7928
2020-07-14,0.7971
2020-07-15,0.7945
2020-07-16,0.7923
2020-07-17,0.7968
2020-07-20,0.7900
2020-07-21,0.7852
2020-07-22,0.7856
2020-07-23,0.7838
2020-07-24,0.7818
2020-07-27,0.7760
2020-07-28,0.7722
2020-07-29,0.7708
2020-07-30,0.7672
2020-07-31,0.7614
2020-08-03,0.7661
2020-08-04,0.7658
2020-08-05,0.7610
2020-08-06,0.7606
2020-08-07,0.7667
2020-08-10,0.7644
2020-08-11,0.7647
2020-08-12,0.7665
2020-08-13,0.7644
2020-08-14,0.7629
2020-08-17,0.7631
2020-08-18,0.7560
2020-08-19,0.7581
2020-08-20,0.7582
2020-08-21,0.7635
2020-08-24,0.7646
2020-08-25,0.7613
2020-08-26,0.7584
2020-08-27,0.7559
2020-08-28,0.7496
2020-08-31,0.7477
2020-09-01,0.7454
2020-09-02,0.7510
2020-09-03,0.7540
2020-09-04,0.7559
2020-09-07,0.7614
2020-09-08,0.7669
2020-09-09,0.7686
2020-09-10,0.7785
2020-09-11,0.7820
2020-09-14,0.7766
2020-09-15,0.7772
2020-09-16,0.7704
2020-09-17,0.7719
2020-09-18,0.7722
2020-09-21,0.7816
2020-09-22,0.7858
2020-09-23,0.7843
2020-09-24,0.7850
2020-09-25,0.7870
2020-09-28,0.7773
2020-09-29,0.7784
2020-09-30,0.7739
2020-10-01,0.7751
2020-10-02,0.7735
2020-10-05,0.7709
2020-10-06,0.7725
2020-10-07,0.7744
2020-10-08,0.7726
2020-10-09,0.7691
2020-10-12,0.7701
2020-10-13,0.7711
2020-10-14,0.7679
2020-10-15,0.7742
2020-10-16,0.7733
2020-10-19,0.7693
2020-10-20,0.7721
2020-10-21,0.7609
2020-10-22,0.7639
2020-10-23,0.7669
2020-10-26,0.7680
2020-10-27,0.7653
2020-10-28,0.7694
2020-10-29,0.7758
2020-10-30,0.7732
2020-11-02,0.7750
2020-11-03,0.7663
2020-11-04,0.7680
2020-11-05,0.7624
2020-11-06,0.7598
2020-11-09,0.7612
2020-11-10,0.7556
2020-11-11,0.7583
2020-11-12,0.7609
2020-11-13,0.7590
2020-11-16,0.7577
2020-11-17,0.7549
2020-11-18,0.7519
2020-11-19,0.7561
2020-11-20,0.7522
2020-11-23,0.7519
2020-11-24,0.7491
2020-11-25,0.7475
2020-11-26,0.7482
2020-11-27,0.7490
2020-11-30,0.7497
2020-12-01,0.7467
2020-12-02,0.7492
2020-12-03,0.7410
2020-12-04,0.7416
2020-12-07,0.7489
2020-12-08,0.7486
2020-12-09,0.7467
2020-12-10,0.7523
2020-12-11,0.7577
2020-12-14,0.7505
2020-12-15,0.7444
2020-12-16,0.7406
2020-12-17,0.7348
2020-12-18,0.7409
2020-12-21,0.7488
2020-12-22,0.7491
2020-12-23,0.7402
2020-12-24,0.7413
2020-12-25,0.7425
2020-12-28,0.7437
2020-12-29,0.7401
2020-12-30,0.7350
2020-12-31,0.7320
2021-01-01,0.7349
2021-01-04,0.7380
2021-01-05,0.7342
2021-01-06,0.7357
2021-01-07,0.7380
2021-01-08,0.7362
2021-01-11,0.7395
2021-01-12,0.7333
2021-01-13,0.7336
2021-01-14,0.7305
2021-01-15,0.7353
2021-01-18,0.7346
2021-01-19,0.7338
2021-01-20,0.7313
2021-01-21,0.7288
2021-01-22,0.7307
2021-01-25,0.7316
2021-01-26,0.7284
2021-01-27,0.7306
2021-01-28,0.7285
2021-01-29,0.7287
2021-02-01,0.7314
2021-02-02,0.7329
2021-02-03,0.7325
2021-02-04,0.7318
2021-02-05,0.7292
2021-02-08,0.7279
2021-02-09,0.7248
2021-02-10,0.7220
2021-02-11,0.7235
2021-02-12,0.7218
2021-02-15,0.7203
2021-02-16,0.7189
2021-02-17,0.7221
2021-02-18,0.7165
2021-02-19,0.7130
2021-02-22,0.7104
2021-02-23,0.7096
2021-02-24,0.7089
2021-02-25,0.7090
2021-02-26,0.7170
2021-03-01,0.7175
2021-03-02,0.7162
2021-03-03,0.7154
2021-03-04,0.7143
2021-03-05,0.7237
2021-03-08,0.7241
2021-03-09,0.7203
2021-03-10,0.7195
2021-03-11,0.7153
2021-03-12,0.7181
2021-03-15,0.7212
2021-03-16,0.7198
2021-03-17,0.7200
2021-03-18,0.7175
2021-03-19,0.7209
2021-03-22,0.7217
2021-03-23,0.7249
2021-03-24,0.7287
2021-03-25,0.7288
2021-03-26,0.7250
2021-03-29,0.7250
2021-03-30,0.7284
2021-03-31,0.7249
2021-04-01,0.7233
2021-04-02,0.7233
2021-04-05,0.7191
2021-04-06,0.7221
2021-04-07,0.7269
2021-04-08,0.7279
2021-04-09,0.7281
2021-04-12,0.7277
2021-04-13,0.7277
2021-04-14,0.7252
2021-04-15,0.7256
2021-04-16,0.7233
2021-04-19,0.7155
2021-04-20,0.7166
2021-04-21,0.7176
2021-04-22,0.7220
2021-04-23,0.7223
2021-04-26,0.7199
2021-04-27,0.7190
2021-04-28,0.7185
2021-04-29,0.7165
2021-04-30,0.7226
2021-05-03,0.7188
2021-05-04,0.7208
2021-05-05,0.7188
2021-05-06,0.7205
2021-05-07,0.7143
2021-05-10,0.7066
2021-05-11,0.7068
2021-05-12,0.7102
2021-05-13,0.7126
2021-05-14,0.7094
2021-05-17,0.7079
2021-05-18,0.7050
2021-05-19,0.7058
2021-05-20,0.7051
2021-05-21,0.7063
2021-05-24,0.7069
2021-05-25,0.7081
2021-05-26,0.7078
2021-05-27,0.7056
2021-05-28,0.7048
2021-05-31,0.7053
2021-06-01,0.7058
2021-06-02,0.7054
2021-06-03,0.7093
2021-06-04,0.7055
2021-06-07,0.7053
2021-06-08,0.7069
2021-06-09,0.7080
2021-06-10,0.7060
2021-06-11,0.7085
2021-06-14,0.7084
2021-06-15,0.7106
2021-06-16,0.7087
2021-06-17,0.7186
2021-06-18,0.7237
2021-06-21,0.7186
2021-06-22,0.7183
2021-06-23,0.7155
2021-06-24,0.7191
2021-06-25,0.7195
2021-06-28,0.7197
2021-06-29,0.7223
2021-06-30,0.7243
2021-07-01,0.7257
2021-07-02,0.7249
2021-07-05,0.7250
2021-07-06,0.7251
2021-07-07,0.7251
2021-07-08,0.7264
2021-07-09,0.7224
2021-07-12,0.7201
2021-07-13,0.7222
2021-07-14,0.7218
2021-07-15,0.7221
2021-07-16,0.7254
2021-07-19,0.7305
2021-07-20,0.7345
2021-07-21,0.7302
2021-07-22,0.7273
2021-07-23,0.7273
2021-07-26,0.7231
2021-07-27,0.7203
2021-07-28,0.7203
2021-07-29,0.7160
2021-07-30,0.7188
2021-08-02,0.7201
2021-08-03,0.7192
2021-08-04,0.7188
2021-08-05,0.7179
2021-08-06,0.7208
2021-08-09,0.7219
2021-08-10,0.7225
2021-08-11,0.7212
2021-08-12,0.7229
2021-08-13,0.7217
2021-08-16,0.7221
2021-08-17,0.7279
2021-08-18,0.7273
2021-08-19,0.7314
2021-08-20,0.7339
2021-08-23,0.7290
2021-08-24,0.7291
2021-08-25,0.7287
2021-08-26,0.7293
2021-08-27,0.7263
2021-08-30,0.7268
2021-08-31,0.7274
2021-09-01,0.7252
2021-09-02,0.7233
2021-09-03,0.7214
2021-09-06,0.7232
2021-09-07,0.7251
2021-09-08,0.7267
2021-09-09,0.7218
2021-09-10,0.7222
2021-09-13,0.7223
2021-09-14,0.7221
2021-09-15,0.7227
2021-09-16,0.7254
2021-09-17,0.7270
2021-09-20,0.7323
2021-09-21,0.7319
2021-09-22,0.7316
2021-09-23,0.7275
2021-09-24,0.7309
2021-09-27,0.7293
2021-09-28,0.7387
2021-09-29,0.7441
2021-09-30,0.7424
2021-10-01,0.7368
2021-10-04,0.7352
2021-10-05,0.7331
2021-10-06,0.7370
2021-10-07,0.7335
2021-10-08,0.7337
2021-10-11,0.7343
2021-10-12,0.7350
2021-10-13,0.7329
2021-10-14,0.7308
2021-10-15,0.7270
2021-10-18,0.7285
2021-10-19,0.7243
2021-10-20,0.7235
2021-10-21,0.7240
2021-10-22,0.7277
2021-10-25,0.7261
2021-10-26,0.7261
2021-10-27,0.7279
2021-10-28,0.7244
2021-10-29,0.7307
2021-11-01,0.7310
2021-11-02,0.7346
2021-11-03,0.7321
2021-11-04,0.7411
2021-11-05,0.7412
2021-11-08,0.7373
2021-11-09,0.7380
2021-11-10,0.7424
2021-11-11,0.7440
2021-11-12,0.7456
2021-11-15,0.7438
2021-11-16,0.7447
2021-11-17,0.7414
2021-11-18,0.7413
2021-11-19,0.7422
2021-11-22,0.7456
2021-11-23,0.7469
2021-11-24,0.7501
2021-11-25,0.7504
2021-11-26,0.7506
2021-11-29,0.7524
2021-11-30,0.7546
2021-12-01,0.7514
2021-12-02,0.7516
2021-12-03,0.7556
2021-12-06,0.7546
2021-12-07,0.7555
2021-12-08,0.7555
2021-12-09,0.7583
2021-12-10,0.7540
2021-12-13,0.7557
2021-12-14,0.7561
2021-12-15,0.7568
2021-12-16,0.7505
2021-12-17,0.7536
2021-12-20,0.7563
2021-12-21,0.7545
2021-12-22,0.7493
2021-12-23,0.7457
2021-12-24,0.7449
2021-12-27,0.7442
2021-12-28,0.7445
2021-12-29,0.7421
2021-12-30,0.7407
2021-12-31,0.7416
2022-01-03,0.7424
2022-01-04,0.7383
2022-01-05,0.7368
2022-01-06,0.7386
2022-01-07,0.7362
2022-01-10,0.7371
2022-01-11,0.7341
2022-01-12,0.7300
2022-01-13,0.7287
2022-01-14,0.7315
2022-01-17,0.7337
2022-01-18,0.7359
2022-01-19,0.7339
2022-01-20,0.7330
2022-01-21,0.7374
2022-01-24,0.7437
2022-01-25,0.7410
2022-01-26,0.7399
2022-01-27,0.7471
2022-01-28,0.7453
2022-01-31,0.7441
2022-02-01,0.7405
2022-02-02,0.7372
2022-02-03,0.7352
2022-02-04,0.7384
2022-02-07,0.7389
2022-02-08,0.7379
2022-02-09,0.7386
2022-02-10,0.7334
2022-02-11,0.7352
2022-02-14,0.7399
2022-02-15,0.7386
2022-02-16,0.7361
2022-02-17,0.7340
2022-02-18,0.7361
2022-02-21,0.7358
2022-02-22,0.7355
2022-02-23,0.7377
2022-02-24,0.7485
2022-02-25,0.7459
2022-02-28,0.7452
2022-03-01,0.7509
2022-03-02,0.7482
2022-03-03,0.7504
2022-03-04,0.7568
2022-03-07,0.7625
2022-03-08,0.7633
2022-03-09,0.7599
2022-03-10,0.7629
2022-03-11,0.7655
2022-03-14,0.7666
2022-03-15,0.7654
2022-03-16,0.7636
2022-03-17,0.7599
2022-03-18,0.7594
2022-03-21,0.7575
2022-03-22,0.7543
2022-03-23,0.7569
2022-03-24,0.7586
2022-03-25,0.7580
