Date,USDJPY
2006-11-01,117.01
2006-11-02,117.12
2006-11-03,118.06
2006-11-06,118.40
2006-11-07,117.44
2006-11-08,117.74
2006-11-09,117.92
2006-11-10,117.47
2006-11-13,118.14
2006-11-14,117.72
2006-11-15,118.06
2006-11-16,118.12
2006-11-17,117.73
2006-11-20,118.16
2006-11-21,118.00
2006-11-22,116.61
2006-11-23,116.27
2006-11-24,115.93
2006-11-27,116.12
2006-11-28,116.14
2006-11-29,116.29
2006-11-30,115.55
2006-12-01,115.33
2006-12-04,115.37
2006-12-05,114.98
2006-12-06,115.07
2006-12-07,115.13
2006-12-08,116.23
2006-12-11,117.02
2006-12-12,117.15
2006-12-13,117.43
2006-12-14,117.61
2006-12-15,117.84
2006-12-18,118.14
2006-12-19,117.93
2006-12-20,118.39
2006-12-21,118.26
2006-12-22,118.90
2006-12-25,118.92
2006-12-26,118.93
2006-12-27,118.76
2006-12-28,118.95
2006-12-29,119.02
2007-01-01,118.92
2007-01-02,118.83
2007-01-03,119.58
2007-01-04,119.28
2007-01-05,118.77
2007-01-08,118.49
2007-01-09,119.45
2007-01-10,119.52
2007-01-11,120.49
2007-01-12,120.36
2007-01-15,120.50
2007-01-16,120.64
2007-01-17,120.54
2007-01-18,121.32
2007-01-19,121.22
2007-01-22,121.56
2007-01-23,121.54
2007-01-24,120.77
2007-01-25,120.97
2007-01-26,121.53
2007-01-29,121.81
2007-01-30,121.70
2007-01-31,121.02
2007-02-01,120.67
2007-02-02,121.02
2007-02-05,120.34
2007-02-06,120.35
2007-02-07,120.65
2007-02-08,121.19
2007-02-09,121.59
2007-02-12,121.77
2007-02-13,121.24
2007-02-14,120.80
2007-02-15,119.49
2007-02-16,119.23
2007-02-19,119.66
2007-02-20,120.10
2007-02-21,120.99
2007-02-22,121.30
2007-02-23,121.10
2007-02-26,120.76
2007-02-27,118.67
2007-02-28,118.33
2007-03-01,117.53
2007-03-02,116.82
2007-03-05,116.01
2007-03-06,116.50
2007-03-07,116.41
2007-03-08,117.35
2007-03-09,118.15
2007-03-12,117.51
2007-03-13,116.96
2007-03-14,116.33
2007-03-15,117.26
2007-03-16,116.77
2007-03-19,117.58
2007-03-20,117.32
2007-03-21,117.83
2007-03-22,117.79
2007-03-23,117.82
2007-03-26,117.84
2007-03-27,117.80
2007-03-28,116.83
2007-03-29,117.75
2007-03-30,117.56
2007-04-02,117.69
2007-04-03,118.83
2007-04-04,118.72
2007-04-05,118.66
2007-04-06,119.33
2007-04-09,119.28
2007-04-10,119.07
2007-04-11,119.36
2007-04-12,118.99
2007-04-13,119.27
2007-04-16,119.84
2007-04-17,118.96
2007-04-18,118.27
2007-04-19,118.36
2007-04-20,118.81
2007-04-23,118.47
2007-04-24,118.52
2007-04-25,118.62
2007-04-26,119.50
2007-04-27,119.59
2007-04-30,119.44
2007-05-01,119.77
2007-05-02,120.05
2007-05-03,120.33
2007-05-04,120.16
2007-05-07,119.96
2007-05-08,119.89
2007-05-09,119.80
2007-05-10,120.37
2007-05-11,120.19
2007-05-14,120.37
2007-05-15,120.22
2007-05-16,120.74
2007-05-17,121.30
2007-05-18,121.09
2007-05-21,121.57
2007-05-22,121.47
2007-05-23,121.52
2007-05-24,121.46
2007-05-25,121.72
2007-05-28,121.75
2007-05-29,121.79
2007-05-30,121.48
2007-05-31,121.76
2007-06-01,122.10
2007-06-04,121.72
2007-06-05,121.49
2007-06-06,121.08
2007-06-07,121.34
2007-06-08,121.62
2007-06-11,121.78
2007-06-12,121.76
2007-06-13,122.37
2007-06-14,122.97
2007-06-15,123.55
2007-06-18,123.67
2007-06-19,123.39
2007-06-20,123.60
2007-06-21,123.68
2007-06-22,124.09
2007-06-25,123.84
2007-06-26,123.49
2007-06-27,122.52
2007-06-28,123.01
2007-06-29,123.39
2007-07-02,122.32
2007-07-03,122.40
2007-07-04,122.61
2007-07-05,122.82
2007-07-06,123.27
2007-07-09,123.34
2007-07-10,122.19
2007-07-11,122.13
2007-07-12,122.50
2007-07-13,121.99
2007-07-16,121.90
2007-07-17,122.36
2007-07-18,121.83
2007-07-19,122.06
2007-07-20,121.15
2007-07-23,121.31
2007-07-24,120.57
2007-07-25,120.33
2007-07-26,119.14
2007-07-27,118.56
2007-07-30,118.41
2007-07-31,119.13
2007-08-01,118.71
2007-08-02,119.35
2007-08-03,118.43
2007-08-06,118.04
2007-08-07,118.48
2007-08-08,119.76
2007-08-09,118.69
2007-08-10,118.00
2007-08-13,118.47
2007-08-14,118.21
2007-08-15,117.19
2007-08-16,114.03
2007-08-17,113.81
2007-08-20,114.49
2007-08-21,114.42
2007-08-22,114.95
2007-08-23,115.81
2007-08-24,116.12
2007-08-27,116.05
2007-08-28,114.70
2007-08-29,115.52
2007-08-30,115.81
2007-08-31,115.83
2007-09-03,115.83
2007-09-04,116.21
2007-09-05,115.15
2007-09-06,115.33
2007-09-07,113.57
2007-09-10,113.43
2007-09-11,113.97
2007-09-12,114.24
2007-09-13,115.37
2007-09-14,115.31
2007-09-17,114.93
2007-09-18,115.75
2007-09-19,116.21
2007-09-20,114.18
2007-09-21,115.60
2007-09-24,114.92
2007-09-25,114.48
2007-09-26,115.66
2007-09-27,115.76
2007-09-28,114.97
2007-10-01,115.91
2007-10-02,115.83
2007-10-03,116.74
2007-10-04,116.59
2007-10-05,116.83
2007-10-08,116.83
2007-10-09,116.98
2007-10-10,117.17
2007-10-11,117.71
2007-10-12,117.50
2007-10-15,117.37
2007-10-16,116.61
2007-10-17,116.62
2007-10-18,115.64
2007-10-19,115.15
2007-10-22,114.07
2007-10-23,114.65
2007-10-24,113.94
2007-10-25,114.09
2007-10-26,114.01
2007-10-29,114.69
2007-10-30,114.72
2007-10-31,115.27
2007-11-01,114.87
2007-11-02,114.74
2007-11-05,114.54
2007-11-06,114.51
2007-11-07,113.29
2007-11-08,112.66
2007-11-09,110.90
2007-11-12,110.61
2007-11-13,110.31
2007-11-14,111.38
2007-11-15,110.78
2007-11-16,111.05
2007-11-19,110.05
2007-11-20,110.05
2007-11-21,108.54
2007-11-22,108.54
2007-11-23,108.17
2007-11-26,108.17
2007-11-27,108.64
2007-11-28,110.38
2007-11-29,109.94
2007-11-30,111.02
2007-12-03,110.44
2007-12-04,109.68
2007-12-05,110.85
2007-12-06,111.05
2007-12-07,111.72
2007-12-10,111.60
2007-12-11,111.77
2007-12-12,112.36
2007-12-13,112.26
2007-12-14,113.35
2007-12-17,113.20
2007-12-18,113.17
2007-12-19,113.44
2007-12-20,112.97
2007-12-21,113.95
2007-12-24,114.45
2007-12-25,114.27
2007-12-26,114.08
2007-12-27,114.00
2007-12-28,112.93
2007-12-31,111.71
2008-01-01,110.70
2008-01-02,109.70
2008-01-03,109.58
2008-01-04,108.38
2008-01-07,109.10
2008-01-08,109.29
2008-01-09,109.40
2008-01-10,109.38
2008-01-11,109.11
2008-01-14,108.18
2008-01-15,107.07
2008-01-16,107.27
2008-01-17,107.01
2008-01-18,106.82
2008-01-21,106.79
2008-01-22,106.76
2008-01-23,105.42
2008-01-24,106.68
2008-01-25,107.31
2008-01-28,106.65
2008-01-29,107.08
2008-01-30,107.25
2008-01-31,106.74
2008-02-01,106.30
2008-02-04,106.73
2008-02-05,106.94
2008-02-06,106.75
2008-02-07,106.82
2008-02-08,107.34
2008-02-11,106.64
2008-02-12,107.42
2008-02-13,108.15
2008-02-14,107.97
2008-02-15,107.67
2008-02-18,107.59
2008-02-19,107.50
2008-02-20,107.97
2008-02-21,107.60
2008-02-22,106.98
2008-02-25,107.88
2008-02-26,107.73
2008-02-27,106.38
2008-02-28,105.64
2008-02-29,104.19
2008-03-03,103.57
2008-03-04,102.67
2008-03-05,103.99
2008-03-06,103.10
2008-03-07,102.69
2008-03-10,101.80
2008-03-11,102.87
2008-03-12,102.38
2008-03-13,100.58
2008-03-14,100.20
2008-03-17,96.88
2008-03-18,98.23
2008-03-19,99.34
2008-03-20,98.79
2008-03-21,99.40
2008-03-24,100.77
2008-03-25,100.07
2008-03-26,99.12
2008-03-27,99.87
2008-03-28,99.71
2008-03-31,99.85
2008-04-01,101.77
2008-04-02,102.77
2008-04-03,102.21
2008-04-04,101.75
2008-04-07,102.62
2008-04-08,102.55
2008-04-09,101.83
2008-04-10,101.71
2008-04-11,101.09
2008-04-14,100.87
2008-04-15,101.33
2008-04-16,101.40
2008-04-17,102.22
2008-04-18,104.56
2008-04-21,103.38
2008-04-22,102.70
2008-04-23,103.55
2008-04-24,104.20
2008-04-25,104.17
2008-04-28,104.30
2008-04-29,103.40
2008-04-30,104.53
2008-05-01,104.04
2008-05-02,105.33
2008-05-05,105.12
2008-05-06,104.54
2008-05-07,105.28
2008-05-08,103.87
2008-05-09,103.01
2008-05-12,103.83
2008-05-13,104.41
2008-05-14,105.20
2008-05-15,104.61
2008-05-16,103.86
2008-05-19,104.55
2008-05-20,103.66
2008-05-21,103.34
2008-05-22,104.03
2008-05-23,103.22
2008-05-26,103.60
2008-05-27,103.98
2008-05-28,104.69
2008-05-29,105.52
2008-05-30,105.46
2008-06-02,104.41
2008-06-03,105.29
2008-06-04,104.99
2008-06-05,106.00
2008-06-06,105.33
2008-06-09,106.06
2008-06-10,107.19
2008-06-11,106.77
2008-06-12,107.94
2008-06-13,107.92
2008-06-16,108.19
2008-06-17,108.03
2008-06-18,108.05
2008-06-19,107.95
2008-06-20,107.42
2008-06-23,107.89
2008-06-24,107.76
2008-06-25,108.29
2008-06-26,107.29
2008-06-27,106.28
2008-06-30,106.17
2008-07-01,105.73
2008-07-02,105.87
2008-07-03,106.79
2008-07-04,107.17
2008-07-07,107.55
2008-07-08,107.35
2008-07-09,107.12
2008-07-10,107.03
2008-07-11,106.14
2008-07-14,106.18
2008-07-15,104.78
2008-07-16,104.64
2008-07-17,105.82
2008-07-18,106.75
2008-07-21,106.74
2008-07-22,107.11
2008-07-23,107.68
2008-07-24,107.62
2008-07-25,107.89
2008-07-28,107.49
2008-07-29,108.19
2008-07-30,108.17
2008-07-31,108.10
2008-08-01,107.59
2008-08-04,108.23
2008-08-05,108.20
2008-08-06,109.39
2008-08-07,109.44
2008-08-08,110.09
2008-08-11,110.08
2008-08-12,109.78
2008-08-13,108.71
2008-08-14,109.75
2008-08-15,110.48
2008-08-18,110.07
2008-08-19,109.68
2008-08-20,109.98
2008-08-21,108.35
2008-08-22,109.88
2008-08-25,109.11
2008-08-26,109.83
2008-08-27,109.72
2008-08-28,109.56
2008-08-29,108.69
2008-09-01,108.77
2008-09-02,108.85
2008-09-03,108.18
2008-09-04,107.76
2008-09-05,106.96
2008-09-08,107.91
2008-09-09,107.10
2008-09-10,107.86
2008-09-11,106.66
2008-09-12,107.51
2008-09-15,105.67
2008-09-16,105.11
2008-09-17,104.71
2008-09-18,104.85
2008-09-19,107.18
2008-09-22,106.35
2008-09-23,105.80
2008-09-24,106.03
2008-09-25,106.48
2008-09-26,106.06
2008-09-29,105.10
2008-09-30,105.94
2008-10-01,106.06
2008-10-02,105.30
2008-10-03,105.76
2008-10-06,101.26
2008-10-07,102.30
2008-10-08,99.73
2008-10-09,100.67
2008-10-10,99.44
2008-10-13,100.81
2008-10-14,102.17
2008-10-15,101.47
2008-10-16,100.46
2008-10-17,101.40
2008-10-20,101.74
2008-10-21,100.43
2008-10-22,98.63
2008-10-23,97.60
2008-10-24,92.64
2008-10-27,93.28
2008-10-28,95.68
2008-10-29,97.48
2008-10-30,97.47
2008-10-31,98.28
2008-11-03,98.95
2008-11-04,100.48
2008-11-05,98.95
2008-11-06,98.04
2008-11-07,98.15
2008-11-10,97.96
2008-11-11,96.75
2008-11-12,95.54
2008-11-13,95.95
2008-11-14,96.66
2008-11-17,97.03
2008-11-18,97.38
2008-11-19,96.75
2008-11-20,94.98
2008-11-21,95.42
2008-11-24,96.69
2008-11-25,95.53
2008-11-26,95.46
2008-11-27,95.46
2008-11-28,95.46
2008-12-01,93.71
2008-12-02,93.64
2008-12-03,93.25
2008-12-04,92.78
2008-12-05,92.18
2008-12-08,92.77
2008-12-09,92.44
2008-12-10,92.94
2008-12-11,91.96
2008-12-12,91.26
2008-12-15,90.68
2008-12-16,89.98
2008-12-17,87.84
2008-12-18,89.81
2008-12-19,89.48
2008-12-22,90.07
2008-12-23,90.57
2008-12-24,90.68
2008-12-25,90.67
2008-12-26,90.65
2008-12-29,90.20
2008-12-30,90.37
2008-12-31,90.79
2009-01-01,90.96
2009-01-02,91.12
2009-01-05,93.20
2009-01-06,94.20
2009-01-07,92.70
2009-01-08,91.15
2009-01-09,90.25
2009-01-12,88.92
2009-01-13,89.65
2009-01-14,89.28
2009-01-15,89.59
2009-01-16,90.29
2009-01-19,90.24
2009-01-20,90.19
2009-01-21,87.80
2009-01-22,88.64
2009-01-23,88.72
2009-01-26,89.25
2009-01-27,88.99
2009-01-28,88.87
2009-01-29,89.77
2009-01-30,89.83
2009-02-02,89.86
2009-02-03,89.09
2009-02-04,89.53
2009-02-05,91.01
2009-02-06,91.95
2009-02-09,91.47
2009-02-10,90.65
2009-02-11,90.66
2009-02-12,90.55
2009-02-13,91.84
2009-02-16,92.00
2009-02-17,92.17
2009-02-18,93.81
2009-02-19,94.09
2009-02-20,93.87
2009-02-23,94.63
2009-02-24,96.60
2009-02-25,97.33
2009-02-26,98.55
2009-02-27,97.74
2009-03-02,97.17
2009-03-03,98.16
2009-03-04,99.34
2009-03-05,98.32
2009-03-06,97.88
2009-03-09,98.87
2009-03-10,98.39
2009-03-11,97.74
2009-03-12,97.86
2009-03-13,98.04
2009-03-16,98.17
2009-03-17,98.85
2009-03-18,98.08
2009-03-19,93.85
2009-03-20,96.18
2009-03-23,97.30
2009-03-24,97.86
2009-03-25,97.70
2009-03-26,98.47
2009-03-27,97.99
2009-03-30,97.44
2009-03-31,99.15
2009-04-01,98.93
2009-04-02,99.48
2009-04-03,99.94
2009-04-06,100.65
2009-04-07,100.71
2009-04-08,99.95
2009-04-09,100.43
2009-04-10,100.30
2009-04-13,100.12
2009-04-14,99.08
2009-04-15,99.37
2009-04-16,99.29
2009-04-17,99.21
2009-04-20,98.29
2009-04-21,98.60
2009-04-22,98.14
2009-04-23,97.88
2009-04-24,97.08
2009-04-27,96.57
2009-04-28,96.49
2009-04-29,96.97
2009-04-30,98.76
2009-05-01,99.24
2009-05-04,99.12
2009-05-05,98.76
2009-05-06,98.60
2009-05-07,99.00
2009-05-08,99.01
2009-05-11,97.45
2009-05-12,96.59
2009-05-13,95.75
2009-05-14,95.62
2009-05-15,94.89
2009-05-18,96.05
2009-05-19,96.10
2009-05-20,95.16
2009-05-21,94.97
2009-05-22,94.45
2009-05-25,94.63
2009-05-26,94.81
2009-05-27,95.01
2009-05-28,96.76
2009-05-29,95.55
2009-06-01,96.53
2009-06-02,95.72
2009-06-03,95.72
2009-06-04,96.37
2009-06-05,98.18
2009-06-08,98.56
2009-06-09,97.60
2009-06-10,98.13
2009-06-11,97.83
2009-06-12,98.17
2009-06-15,98.03
2009-06-16,96.26
2009-06-17,95.65
2009-06-18,96.36
2009-06-19,96.15
2009-06-22,95.90
2009-06-23,95.32
2009-06-24,95.38
2009-06-25,96.21
2009-06-26,95.19
2009-06-29,95.84
2009-06-30,96.42
2009-07-01,96.41
2009-07-02,95.90
2009-07-03,95.95
2009-07-06,95.00
2009-07-07,95.11
2009-07-08,92.90
2009-07-09,92.79
2009-07-10,92.33
2009-07-13,92.74
2009-07-14,93.03
2009-07-15,94.09
2009-07-16,93.59
2009-07-17,94.08
2009-07-20,94.52
2009-07-21,93.36
2009-07-22,93.77
2009-07-23,94.75
2009-07-24,94.86
2009-07-27,95.32
2009-07-28,94.60
2009-07-29,95.13
2009-07-30,95.67
2009-07-31,94.54
2009-08-03,95.23
2009-08-04,95.41
2009-08-05,94.98
2009-08-06,95.56
2009-08-07,97.65
2009-08-10,97.23
2009-08-11,95.94
2009-08-12,96.16
2009-08-13,95.46
2009-08-14,94.64
2009-08-17,94.33
2009-08-18,94.72
2009-08-19,93.87
2009-08-20,94.12
2009-08-21,94.60
2009-08-24,94.47
2009-08-25,94.28
2009-08-26,94.25
2009-08-27,93.57
2009-08-28,93.55
2009-08-31,92.82
2009-09-01,93.09
2009-09-02,92.43
2009-09-03,92.54
2009-09-04,92.75
2009-09-07,92.48
2009-09-08,92.21
2009-09-09,91.85
2009-09-10,91.86
2009-09-11,90.30
2009-09-14,90.85
2009-09-15,90.95
2009-09-16,91.00
2009-09-17,91.15
2009-09-18,91.31
2009-09-21,91.87
2009-09-22,91.08
2009-09-23,91.45
2009-09-24,91.16
2009-09-25,89.83
2009-09-28,89.34
2009-09-29,90.26
2009-09-30,89.49
2009-10-01,89.73
2009-10-02,89.62
2009-10-05,89.56
2009-10-06,88.77
2009-10-07,88.76
2009-10-08,88.44
2009-10-09,89.69
2009-10-12,89.70
2009-10-13,89.71
2009-10-14,89.44
2009-10-15,90.39
2009-10-16,90.73
2009-10-19,90.72
2009-10-20,90.83
2009-10-21,91.04
2009-10-22,91.42
2009-10-23,91.88
2009-10-26,91.96
2009-10-27,92.04
2009-10-28,91.07
2009-10-29,91.41
2009-10-30,90.50
2009-11-02,90.56
2009-11-03,90.30
2009-11-04,90.96
2009-11-05,90.45
2009-11-06,89.86
2009-11-09,89.92
2009-11-10,89.82
2009-11-11,90.11
2009-11-12,90.40
2009-11-13,89.55
2009-11-16,89.28
2009-11-17,89.41
2009-11-18,89.36
2009-11-19,88.95
2009-11-20,88.90
2009-11-23,89.14
2009-11-24,88.58
2009-11-25,87.65
2009-11-26,87.26
2009-11-27,86.87
2009-11-30,86.12
2009-12-01,86.62
2009-12-02,87.13
2009-12-03,88.20
2009-12-04,89.87
2009-12-07,89.44
2009-12-08,88.41
2009-12-09,87.83
2009-12-10,88.20
2009-12-11,89.23
2009-12-14,88.65
2009-12-15,89.91
2009-12-16,89.52
2009-12-17,90.35
2009-12-18,90.47
2009-12-21,90.95
2009-12-22,91.67
2009-12-23,91.52
2009-12-24,91.69
2009-12-25,91.63
2009-12-28,91.57
2009-12-29,91.95
2009-12-30,92.66
2009-12-31,93.08
2010-01-01,92.81
2010-01-04,92.55
2010-01-05,91.48
2010-01-06,92.53
2010-01-07,93.31
2010-01-08,92.70
2010-01-11,91.90
2010-01-12,90.95
2010-01-13,91.38
2010-01-14,91.03
2010-01-15,90.79
2010-01-18,90.96
2010-01-19,91.13
2010-01-20,91.23
2010-01-21,90.25
2010-01-22,90.07
2010-01-25,90.12
2010-01-26,89.63
2010-01-27,89.41
2010-01-28,90.08
2010-01-29,90.38
2010-02-01,90.80
2010-02-02,90.39
2010-02-03,91.11
2010-02-04,89.11
2010-02-05,89.25
2010-02-08,89.32
2010-02-09,89.45
2010-02-10,89.88
2010-02-11,89.82
2010-02-12,90.00
2010-02-15,90.23
2010-02-16,90.46
2010-02-17,90.79
2010-02-18,91.43
2010-02-19,91.94
2010-02-22,91.11
2010-02-23,90.04
2010-02-24,90.06
2010-02-25,88.85
2010-02-26,88.84
2010-03-01,89.28
2010-03-02,88.95
2010-03-03,88.43
2010-03-04,89.02
2010-03-05,90.32
2010-03-08,90.30
2010-03-09,89.89
2010-03-10,90.62
2010-03-11,90.60
2010-03-12,90.46
2010-03-15,90.45
2010-03-16,90.43
2010-03-17,90.42
2010-03-18,90.46
2010-03-19,90.50
2010-03-22,90.02
2010-03-23,90.24
2010-03-24,91.89
2010-03-25,92.69
2010-03-26,92.56
2010-03-29,92.65
2010-03-30,92.89
2010-03-31,93.40
2010-04-01,93.83
2010-04-02,94.51
2010-04-05,94.28
2010-04-06,93.81
2010-04-07,93.59
2010-04-08,93.16
2010-04-09,93.28
2010-04-12,93.21
2010-04-13,92.78
2010-04-14,93.01
2010-04-15,93.04
2010-04-16,92.03
2010-04-19,92.18
2010-04-20,93.28
2010-04-21,93.24
2010-04-22,93.01
2010-04-23,94.18
2010-04-26,94.06
2010-04-27,93.01
2010-04-28,94.07
2010-04-29,94.16
2010-04-30,94.24
2010-05-03,94.68
2010-05-04,94.58
2010-05-05,94.30
2010-05-06,92.22
2010-05-07,91.67
2010-05-10,93.39
2010-05-11,92.83
2010-05-12,92.93
2010-05-13,92.70
2010-05-14,91.94
2010-05-17,92.08
2010-05-18,92.52
2010-05-19,91.16
2010-05-20,90.07
2010-05-21,90.21
2010-05-24,90.49
2010-05-25,89.89
2010-05-26,90.28
2010-05-27,90.71
2010-05-28,90.81
2010-05-31,90.98
2010-06-01,91.16
2010-06-02,92.21
2010-06-03,92.33
2010-06-04,91.83
2010-06-07,92.00
2010-06-08,91.30
2010-06-09,91.54
2010-06-10,91.04
2010-06-11,91.72
2010-06-14,91.80
2010-06-15,91.25
2010-06-16,91.39
2010-06-17,90.92
2010-06-18,90.79
2010-06-21,91.18
2010-06-22,90.59
2010-06-23,89.82
2010-06-24,89.40
2010-06-25,89.35
2010-06-28,89.23
2010-06-29,88.39
2010-06-30,88.49
2010-07-01,87.42
2010-07-02,87.69
2010-07-05,87.62
2010-07-06,87.55
2010-07-07,87.16
2010-07-08,88.44
2010-07-09,88.48
2010-07-12,88.53
2010-07-13,88.24
2010-07-14,88.59
2010-07-15,87.41
2010-07-16,86.40
2010-07-19,86.77
2010-07-20,87.22
2010-07-21,87.30
2010-07-22,87.00
2010-07-23,87.31
2010-07-26,87.20
2010-07-27,87.88
2010-07-28,87.62
2010-07-29,86.87
2010-07-30,86.43
2010-08-02,86.42
2010-08-03,85.88
2010-08-04,86.26
2010-08-05,85.83
2010-08-06,85.25
2010-08-09,85.88
2010-08-10,85.88
2010-08-11,85.36
2010-08-12,85.83
2010-08-13,86.20
2010-08-16,85.33
2010-08-17,85.51
2010-08-18,85.31
2010-08-19,85.27
2010-08-20,85.63
2010-08-23,85.16
2010-08-24,84.16
2010-08-25,84.56
2010-08-26,84.61
2010-08-27,85.10
2010-08-30,84.67
2010-08-31,84.10
2010-09-01,84.48
2010-09-02,84.15
2010-09-03,84.45
2010-09-06,84.10
2010-09-07,83.75
2010-09-08,83.85
2010-09-09,83.83
2010-09-10,84.13
2010-09-13,83.53
2010-09-14,83.05
2010-09-15,85.63
2010-09-16,85.72
2010-09-17,85.77
2010-09-20,85.74
2010-09-21,85.36
2010-09-22,84.37
2010-09-23,84.32
2010-09-24,84.24
2010-09-27,84.17
2010-09-28,83.82
2010-09-29,83.61
2010-09-30,83.53
2010-10-01,83.30
2010-10-04,83.33
2010-10-05,83.17
2010-10-06,82.80
2010-10-07,82.35
2010-10-08,81.86
2010-10-11,81.80
2010-10-12,81.74
2010-10-13,81.81
2010-10-14,81.44
2010-10-15,81.32
2010-10-18,81.16
2010-10-19,81.60
2010-10-20,81.14
2010-10-21,81.16
2010-10-22,81.48
2010-10-25,80.61
2010-10-26,81.28
2010-10-27,81.55
2010-10-28,80.99
2010-10-29,80.48
2010-11-01,80.66
2010-11-02,80.80
2010-11-03,81.41
2010-11-04,80.61
2010-11-05,81.35
2010-11-08,81.14
2010-11-09,81.15
2010-11-10,82.53
2010-11-11,82.48
2010-11-12,82.44
2010-11-15,82.90
2010-11-16,83.41
2010-11-17,83.15
2010-11-18,83.64
2010-11-19,83.49
2010-11-22,83.46
2010-11-23,82.86
2010-11-24,83.38
2010-11-25,83.73
2010-11-26,84.08
2010-11-29,84.34
2010-11-30,83.56
2010-12-01,84.00
2010-12-02,83.53
2010-12-03,82.73
2010-12-06,82.70
2010-12-07,83.04
2010-12-08,84.16
2010-12-09,83.85
2010-12-10,83.87
2010-12-13,83.57
2010-12-14,83.52
2010-12-15,84.04
2010-12-16,84.23
2010-12-17,84.15
2010-12-20,83.72
2010-12-21,83.76
2010-12-22,83.56
2010-12-23,82.97
2010-12-24,82.94
2010-12-27,82.91
2010-12-28,82.21
2010-12-29,81.90
2010-12-30,81.67
2010-12-31,81.62
2011-01-03,81.56
2011-01-04,81.96
2011-01-05,83.22
2011-01-06,83.15
2011-01-07,83.04
2011-01-10,82.78
2011-01-11,83.36
2011-01-12,83.29
2011-01-13,82.72
2011-01-14,82.99
2011-01-17,82.82
2011-01-18,82.66
2011-01-19,82.03
2011-01-20,83.02
2011-01-21,82.63
2011-01-24,82.44
2011-01-25,82.35
2011-01-26,82.27
2011-01-27,83.03
2011-01-28,82.03
2011-01-31,81.97
2011-02-01,81.48
2011-02-02,81.82
2011-02-03,81.48
2011-02-04,81.99
2011-02-07,82.40
2011-02-08,81.92
2011-02-09,82.47
2011-02-10,83.11
2011-02-11,83.52
2011-02-14,83.32
2011-02-15,83.79
2011-02-16,83.73
2011-02-17,83.25
2011-02-18,83.22
2011-02-21,83.08
2011-02-22,82.94
2011-02-23,82.39
2011-02-24,81.67
2011-02-25,81.76
2011-02-28,81.94
2011-03-01,81.86
2011-03-02,81.62
2011-03-03,82.41
2011-03-04,82.35
2011-03-07,82.12
2011-03-08,82.69
2011-03-09,82.78
2011-03-10,82.98
2011-03-11,81.77
2011-03-14,81.65
2011-03-15,80.82
2011-03-16,80.17
2011-03-17,78.74
2011-03-18,81.14
2011-03-21,81.11
2011-03-22,81.00
2011-03-23,80.94
2011-03-24,80.82
2011-03-25,81.12
2011-03-28,81.67
2011-03-29,82.38
2011-03-30,82.98
2011-03-31,82.76
2011-04-01,84.05
2011-04-04,83.98
2011-04-05,84.65
2011-04-06,85.26
2011-04-07,84.98
2011-04-08,84.99
2011-04-11,84.58
2011-04-12,83.79
2011-04-13,83.59
2011-04-14,83.23
2011-04-15,83.13
2011-04-18,82.43
2011-04-19,82.41
2011-04-20,82.58
2011-04-21,81.81
2011-04-22,81.92
2011-04-25,81.93
2011-04-26,81.93
2011-04-27,82.60
2011-04-28,81.57
2011-04-29,81.31
2011-05-02,81.23
2011-05-03,81.02
2011-05-04,80.69
2011-05-05,80.12
2011-05-06,80.51
2011-05-09,80.66
2011-05-10,80.75
2011-05-11,80.78
2011-05-12,80.75
2011-05-13,80.76
2011-05-16,80.82
2011-05-17,81.39
2011-05-18,81.37
2011-05-19,81.78
2011-05-20,81.64
2011-05-23,81.81
2011-05-24,82.12
2011-05-25,81.96
2011-05-26,81.44
2011-05-27,80.75
2011-05-30,81.02
2011-05-31,81.29
2011-06-01,80.82
2011-06-02,80.98
2011-06-03,80.38
2011-06-06,80.19
2011-06-07,80.21
2011-06-08,79.87
2011-06-09,80.07
2011-06-10,80.26
2011-06-13,80.16
2011-06-14,80.50
2011-06-15,80.71
2011-06-16,80.70
2011-06-17,80.10
2011-06-20,80.26
2011-06-21,80.15
2011-06-22,80.06
2011-06-23,80.45
2011-06-24,80.32
2011-06-27,80.89
2011-06-28,80.85
2011-06-29,80.80
2011-06-30,80.64
2011-07-01,80.81
2011-07-04,80.97
2011-07-05,81.14
2011-07-06,80.90
2011-07-07,81.26
2011-07-08,80.64
2011-07-11,80.37
2011-07-12,79.53
2011-07-13,78.99
2011-07-14,79.11
2011-07-15,79.03
2011-07-18,79.10
2011-07-19,78.91
2011-07-20,78.76
2011-07-21,78.47
2011-07-22,78.44
2011-07-25,78.31
2011-07-26,78.04
2011-07-27,77.99
2011-07-28,77.87
2011-07-29,77.18
2011-08-01,76.87
2011-08-02,77.13
2011-08-03,76.87
2011-08-04,79.01
2011-08-05,78.48
2011-08-08,77.53
2011-08-09,77.16
2011-08-10,76.41
2011-08-11,76.68
2011-08-12,76.79
2011-08-15,76.73
2011-08-16,76.76
2011-08-17,76.46
2011-08-18,76.52
2011-08-19,76.46
2011-08-22,76.77
2011-08-23,76.59
2011-08-24,76.78
2011-08-25,77.38
2011-08-26,76.62
2011-08-29,76.96
2011-08-30,76.75
2011-08-31,76.50
2011-09-01,76.81
2011-09-02,76.79
2011-09-05,77.14
2011-09-06,77.48
2011-09-07,77.39
2011-09-08,77.43
2011-09-09,77.31
2011-09-12,77.15
2011-09-13,76.88
2011-09-14,76.71
2011-09-15,76.70
2011-09-16,76.89
2011-09-19,76.48
2011-09-20,76.52
2011-09-21,76.38
2011-09-22,76.31
2011-09-23,76.30
2011-09-26,76.35
2011-09-27,76.60
2011-09-28,76.51
2011-09-29,76.68
2011-09-30,77.04
2011-10-03,76.66
2011-10-04,76.86
2011-10-05,76.86
2011-10-06,76.64
2011-10-07,76.77
2011-10-10,76.72
2011-10-11,76.66
2011-10-12,77.30
2011-10-13,76.88
2011-10-14,77.36
2011-10-17,76.80
2011-10-18,76.75
2011-10-19,76.79
2011-10-20,76.91
2011-10-21,76.10
2011-10-24,76.10
2011-10-25,75.88
2011-10-26,76.05
2011-10-27,75.80
2011-10-28,75.72
2011-10-31,77.97
2011-11-01,78.28
2011-11-02,78.04
2011-11-03,77.96
2011-11-04,78.17
2011-11-07,78.06
2011-11-08,77.79
2011-11-09,77.77
2011-11-10,77.58
2011-11-11,77.30
2011-11-14,77.02
2011-11-15,76.99
2011-11-16,77.02
2011-11-17,76.98
2011-11-18,76.93
2011-11-21,76.97
2011-11-22,77.07
2011-11-23,77.41
2011-11-24,77.53
2011-11-25,77.66
2011-11-28,78.05
2011-11-29,77.86
2011-11-30,77.58
2011-12-01,77.60
2011-12-02,77.88
2011-12-05,77.77
2011-12-06,77.73
2011-12-07,77.69
2011-12-08,77.67
2011-12-09,77.58
2011-12-12,77.87
2011-12-13,77.86
2011-12-14,78.08
2011-12-15,77.87
2011-12-16,77.65
2011-12-19,77.96
2011-12-20,77.76
2011-12-21,78.00
2011-12-22,78.13
2011-12-23,78.13
2011-12-26,77.98
2011-12-27,77.83
2011-12-28,77.98
2011-12-29,77.71
2011-12-30,76.98
2012-01-02,76.83
2012-01-03,76.67
2012-01-04,76.68
2012-01-05,77.18
2012-01-06,77.06
2012-01-09,76.88
2012-01-10,76.84
2012-01-11,76.90
2012-01-12,76.76
2012-01-13,76.90
2012-01-16,76.85
2012-01-17,76.80
2012-01-18,76.81
2012-01-19,77.23
2012-01-20,76.97
2012-01-23,76.92
2012-01-24,77.78
2012-01-25,78.13
2012-01-26,77.47
2012-01-27,76.68
2012-01-30,76.28
2012-01-31,76.34
2012-02-01,76.11
2012-02-02,76.13
2012-02-03,76.54
2012-02-06,76.54
2012-02-07,76.88
2012-02-08,76.90
2012-02-09,77.42
2012-02-10,77.57
2012-02-13,77.52
2012-02-14,78.39
2012-02-15,78.22
2012-02-16,78.77
2012-02-17,79.33
2012-02-20,79.53
2012-02-21,79.73
2012-02-22,80.30
2012-02-23,80.21
2012-02-24,80.88
2012-02-27,80.42
2012-02-28,80.44
2012-02-29,81.10
2012-03-01,81.16
2012-03-02,81.56
2012-03-05,81.43
2012-03-06,80.86
2012-03-07,81.06
2012-03-08,81.50
2012-03-09,82.59
2012-03-12,82.21
2012-03-13,82.66
2012-03-14,83.78
2012-03-15,83.28
2012-03-16,83.34
2012-03-19,83.31
2012-03-20,83.62
2012-03-21,83.62
2012-03-22,82.50
2012-03-23,82.35
2012-03-26,82.84
2012-03-27,83.15
2012-03-28,82.74
2012-03-29,82.28
2012-03-30,82.41
2012-04-02,82.16
2012-04-03,82.18
2012-04-04,82.62
2012-04-05,82.33
2012-04-06,81.56
2012-04-09,81.36
2012-04-10,80.94
2012-04-11,80.88
2012-04-12,80.87
2012-04-13,80.99
2012-04-16,80.46
2012-04-17,80.72
2012-04-18,81.29
2012-04-19,81.57
2012-04-20,81.60
2012-04-23,81.16
2012-04-24,81.21
2012-04-25,81.33
2012-04-26,80.78
2012-04-27,80.48
2012-04-30,79.81
2012-05-01,80.17
2012-05-02,80.19
2012-05-03,80.36
2012-05-04,79.84
2012-05-07,79.88
2012-05-08,79.79
2012-05-09,79.64
2012-05-10,79.91
2012-05-11,79.86
2012-05-14,79.83
2012-05-15,80.09
2012-05-16,80.32
2012-05-17,79.26
2012-05-18,79.14
2012-05-21,79.31
2012-05-22,79.98
2012-05-23,79.33
2012-05-24,79.47
2012-05-25,79.64
2012-05-28,79.54
2012-05-29,79.44
2012-05-30,78.93
2012-05-31,78.29
2012-06-01,78.21
2012-06-04,78.30
2012-06-05,78.57
2012-06-06,79.11
2012-06-07,79.67
2012-06-08,79.47
2012-06-11,79.50
2012-06-12,79.44
2012-06-13,79.35
2012-06-14,79.29
2012-06-15,78.65
2012-06-18,78.95
2012-06-19,78.92
2012-06-20,79.54
2012-06-21,80.18
2012-06-22,80.52
2012-06-25,79.50
2012-06-26,79.46
2012-06-27,79.83
2012-06-28,79.35
2012-06-29,79.81
2012-07-02,79.42
2012-07-03,79.77
2012-07-04,79.86
2012-07-05,79.95
2012-07-06,79.61
2012-07-09,79.66
2012-07-10,79.44
2012-07-11,79.70
2012-07-12,79.29
2012-07-13,79.20
2012-07-16,78.80
2012-07-17,79.04
2012-07-18,78.79
2012-07-19,78.60
2012-07-20,78.49
2012-07-23,78.38
2012-07-24,78.19
2012-07-25,78.21
2012-07-26,78.24
2012-07-27,78.55
2012-07-30,78.20
2012-07-31,78.10
2012-08-01,78.19
2012-08-02,78.22
2012-08-03,78.60
2012-08-06,78.17
2012-08-07,78.71
2012-08-08,78.44
2012-08-09,78.64
2012-08-10,78.24
2012-08-13,78.34
2012-08-14,78.82
2012-08-15,78.89
2012-08-16,79.25
2012-08-17,79.50
2012-08-20,79.41
2012-08-21,79.43
2012-08-22,79.19
2012-08-23,78.46
2012-08-24,78.65
2012-08-27,78.67
2012-08-28,78.50
2012-08-29,78.72
2012-08-30,78.55
2012-08-31,78.30
2012-09-03,78.32
2012-09-04,78.35
2012-09-05,78.34
2012-09-06,78.96
2012-09-07,78.14
2012-09-10,78.24
2012-09-11,77.78
2012-09-12,77.86
2012-09-13,77.41
2012-09-14,78.22
2012-09-17,78.68
2012-09-18,78.59
2012-09-19,78.40
2012-09-20,78.30
2012-09-21,78.17
2012-09-24,77.90
2012-09-25,77.91
2012-09-26,77.78
2012-09-27,77.62
2012-09-28,77.92
2012-10-01,78.00
2012-10-02,78.01
2012-10-03,78.57
2012-10-04,78.44
2012-10-05,78.66
2012-10-08,78.44
2012-10-09,78.23
2012-10-10,78.26
2012-10-11,78.44
2012-10-12,78.31
2012-10-15,78.76
2012-10-16,78.92
2012-10-17,78.74
2012-10-18,79.24
2012-10-19,79.26
2012-10-22,79.84
2012-10-23,79.79
2012-10-24,79.82
2012-10-25,80.04
2012-10-26,79.63
2012-10-29,79.81
2012-10-30,79.58
2012-10-31,79.94
2012-11-01,80.14
2012-11-02,80.53
2012-11-05,80.17
2012-11-06,80.28
2012-11-07,79.85
2012-11-08,79.74
2012-11-09,79.46
2012-11-12,79.44
2012-11-13,79.42
2012-11-14,80.20
2012-11-15,81.16
2012-11-16,81.28
2012-11-19,81.18
2012-11-20,81.72
2012-11-21,82.36
2012-11-22,82.35
2012-11-23,82.34
2012-11-26,82.11
2012-11-27,82.23
2012-11-28,81.84
2012-11-29,82.06
2012-11-30,82.54
2012-12-03,82.24
2012-12-04,81.86
2012-12-05,82.40
2012-12-06,82.29
2012-12-07,82.37
2012-12-10,82.37
2012-12-11,82.42
2012-12-12,83.10
2012-12-13,83.54
2012-12-14,83.52
2012-12-17,83.70
2012-12-18,84.00
2012-12-19,84.32
2012-12-20,84.33
2012-12-21,84.10
2012-12-24,84.81
2012-12-25,85.22
2012-12-26,85.62
2012-12-27,86.06
2012-12-28,86.12
2012-12-31,86.64
2013-01-01,86.87
2013-01-02,87.10
2013-01-03,86.92
2013-01-04,88.14
2013-01-07,87.68
2013-01-08,87.31
2013-01-09,87.90
2013-01-10,88.16
2013-01-11,89.22
2013-01-14,89.34
2013-01-15,88.65
2013-01-16,88.64
2013-01-17,89.41
2013-01-18,89.90
2013-01-21,89.26
2013-01-22,88.62
2013-01-23,88.44
2013-01-24,90.04
2013-01-25,91.04
2013-01-28,90.73
2013-01-29,90.65
2013-01-30,91.05
2013-01-31,91.28
2013-02-01,92.54
2013-02-04,92.57
2013-02-05,93.34
2013-02-06,93.56
2013-02-07,93.24
2013-02-08,92.72
2013-02-11,93.44
2013-02-12,93.14
2013-02-13,93.39
2013-02-14,93.10
2013-02-15,93.64
2013-02-18,93.59
2013-02-19,93.54
2013-02-20,93.53
2013-02-21,92.96
2013-02-22,93.35
2013-02-25,93.35
2013-02-26,91.38
2013-02-27,91.88
2013-02-28,92.36
2013-03-01,93.38
2013-03-04,93.32
2013-03-05,93.39
2013-03-06,93.64
2013-03-07,95.00
2013-03-08,96.00
2013-03-11,96.12
2013-03-12,95.96
2013-03-13,96.00
2013-03-14,96.16
2013-03-15,95.26
2013-03-18,94.92
2013-03-19,94.85
2013-03-20,95.51
2013-03-21,95.06
2013-03-22,94.48
2013-03-25,94.34
2013-03-26,94.22
2013-03-27,94.38
2013-03-28,94.02
2013-03-29,94.16
2013-04-01,93.30
2013-04-02,93.43
2013-04-03,92.96
2013-04-04,96.12
2013-04-05,96.86
2013-04-08,98.90
2013-04-09,99.02
2013-04-10,99.61
2013-04-11,99.42
2013-04-12,98.98
2013-04-15,98.00
2013-04-16,97.86
2013-04-17,97.74
2013-04-18,98.22
2013-04-19,99.28
2013-04-22,99.29
2013-04-23,99.43
2013-04-24,99.39
2013-04-25,99.42
2013-04-26,97.84
2013-04-29,98.09
2013-04-30,97.52
2013-05-01,97.28
2013-05-02,97.96
2013-05-03,99.10
2013-05-06,99.35
2013-05-07,99.00
2013-05-08,98.90
2013-05-09,99.29
2013-05-10,101.74
2013-05-13,101.84
2013-05-14,102.18
2013-05-15,102.44
2013-05-16,102.22
2013-05-17,102.98
2013-05-20,102.54
2013-05-21,102.36
2013-05-22,103.52
2013-05-23,101.66
2013-05-24,100.98
2013-05-27,101.53
2013-05-28,102.07
2013-05-29,100.91
2013-05-30,101.06
2013-05-31,100.83
2013-06-03,99.18
2013-06-04,100.15
2013-06-05,99.16
2013-06-06,97.76
2013-06-07,97.20
2013-06-10,98.88
2013-06-11,96.82
2013-06-12,95.36
2013-06-13,94.29
2013-06-14,94.34
2013-06-17,94.87
2013-06-18,95.20
2013-06-19,95.22
2013-06-20,98.18
2013-06-21,97.48
2013-06-24,97.70
2013-06-25,97.87
2013-06-26,97.43
2013-06-27,98.40
2013-06-28,99.21
2013-07-01,99.62
2013-07-02,100.43
2013-07-03,99.82
2013-07-04,100.38
2013-07-05,100.94
2013-07-08,101.07
2013-07-09,101.08
2013-07-10,100.10
2013-07-11,98.80
2013-07-12,99.39
2013-07-15,100.04
2013-07-16,99.37
2013-07-17,99.70
2013-07-18,100.60
2013-07-19,100.30
2013-07-22,99.60
2013-07-23,99.76
2013-07-24,100.21
2013-07-25,99.56
2013-07-26,98.24
2013-07-29,97.80
2013-07-30,98.02
2013-07-31,98.35
2013-08-01,99.30
2013-08-02,99.04
2013-08-05,98.54
2013-08-06,97.85
2013-08-07,96.72
2013-08-08,96.03
2013-08-09,96.24
2013-08-12,96.44
2013-08-13,98.06
2013-08-14,98.15
2013-08-15,97.81
2013-08-16,97.60
2013-08-19,97.94
2013-08-20,97.12
2013-08-21,97.66
2013-08-22,98.53
2013-08-23,98.57
2013-08-26,98.64
2013-08-27,97.30
2013-08-28,97.65
2013-08-29,98.46
2013-08-30,98.22
2013-09-02,98.83
2013-09-03,99.43
2013-09-04,99.61
2013-09-05,100.08
2013-09-06,99.04
2013-09-09,99.55
2013-09-10,100.22
2013-09-11,100.08
2013-09-12,99.24
2013-09-13,99.38
2013-09-16,98.98
2013-09-17,99.16
2013-09-18,99.04
2013-09-19,99.33
2013-09-20,99.38
2013-09-23,98.76
2013-09-24,98.76
2013-09-25,98.62
2013-09-26,98.95
2013-09-27,98.30
2013-09-30,98.29
2013-10-01,98.05
2013-10-02,97.36
2013-10-03,97.08
2013-10-04,97.20
2013-10-07,97.02
2013-10-08,96.94
2013-10-09,97.23
2013-10-10,98.09
2013-10-11,98.42
2013-10-14,98.50
2013-10-15,98.58
2013-10-16,98.90
2013-10-17,97.85
2013-10-18,97.77
2013-10-21,98.14
2013-10-22,98.18
2013-10-23,97.28
2013-10-24,97.36
2013-10-25,97.46
2013-10-28,97.70
2013-10-29,98.09
2013-10-30,98.14
2013-10-31,98.10
2013-11-01,98.78
2013-11-04,98.62
2013-11-05,98.60
2013-11-06,98.60
2013-11-07,98.56
2013-11-08,99.03
2013-11-11,99.34
2013-11-12,99.65
2013-11-13,99.31
2013-11-14,99.93
2013-11-15,100.17
2013-11-18,100.04
2013-11-19,100.14
2013-11-20,100.02
2013-11-21,100.95
2013-11-22,101.29
2013-11-25,101.70
2013-11-26,101.38
2013-11-27,102.18
2013-11-28,102.31
2013-11-29,102.45
2013-12-02,103.04
2013-12-03,102.36
2013-12-04,102.48
2013-12-05,101.82
2013-12-06,102.88
2013-12-09,103.22
2013-12-10,102.80
2013-12-11,102.38
2013-12-12,103.11
2013-12-13,103.28
2013-12-16,102.91
2013-12-17,102.63
2013-12-18,103.18
2013-12-19,104.16
2013-12-20,104.07
2013-12-23,104.06
2013-12-24,104.26
2013-12-25,104.49
2013-12-26,104.72
2013-12-27,105.05
2013-12-30,105.00
2013-12-31,105.25
2014-01-01,105.05
2014-01-02,104.84
2014-01-03,104.46
2014-01-06,104.38
2014-01-07,104.54
2014-01-08,104.87
2014-01-09,104.74
2014-01-10,104.06
2014-01-13,103.31
2014-01-14,103.80
2014-01-15,104.42
2014-01-16,104.32
2014-01-17,104.32
2014-01-20,104.23
2014-01-21,104.14
2014-01-22,104.36
2014-01-23,103.65
2014-01-24,102.41
2014-01-27,102.26
2014-01-28,102.80
2014-01-29,102.20
2014-01-30,102.83
2014-01-31,102.28
2014-02-03,101.11
2014-02-04,101.62
2014-02-05,101.38
2014-02-06,101.84
2014-02-07,102.32
2014-02-10,102.14
2014-02-11,102.63
2014-02-12,102.48
2014-02-13,102.20
2014-02-14,101.82
2014-02-17,102.06
2014-02-18,102.31
2014-02-19,102.30
2014-02-20,102.32
2014-02-21,102.71
2014-02-24,102.44
2014-02-25,102.20
2014-02-26,102.36
2014-02-27,102.12
2014-02-28,102.08
2014-03-03,101.36
2014-03-04,102.18
2014-03-05,102.32
2014-03-06,103.03
2014-03-07,103.38
2014-03-10,103.23
2014-03-11,103.18
2014-03-12,102.74
2014-03-13,102.12
2014-03-14,101.46
2014-03-17,101.62
2014-03-18,101.37
2014-03-19,101.54
2014-03-20,102.39
2014-03-21,102.38
2014-03-24,102.21
2014-03-25,102.32
2014-03-26,102.30
2014-03-27,102.10
2014-03-28,102.92
2014-03-31,102.98
2014-04-01,103.52
2014-04-02,103.82
2014-04-03,103.94
2014-04-04,103.39
2014-04-07,103.04
2014-04-08,102.12
2014-04-09,101.85
2014-04-10,101.43
2014-04-11,101.56
2014-04-14,101.81
2014-04-15,101.60
2014-04-16,102.30
2014-04-17,102.22
2014-04-18,102.43
2014-04-21,102.56
2014-04-22,102.60
2014-04-23,102.26
2014-04-24,102.34
2014-04-25,102.12
2014-04-28,102.46
2014-04-29,102.57
2014-04-30,102.14
2014-05-01,102.30
2014-05-02,102.34
2014-05-05,102.06
2014-05-06,101.57
2014-05-07,101.72
2014-05-08,101.66
2014-05-09,101.74
2014-05-12,102.10
2014-05-13,102.20
2014-05-14,101.75
2014-05-15,101.44
2014-05-16,101.50
2014-05-19,101.26
2014-05-20,101.26
2014-05-21,101.44
2014-05-22,101.76
2014-05-23,101.88
2014-05-26,102.01
2014-05-27,102.14
2014-05-28,101.78
2014-05-29,101.58
2014-05-30,101.77
2014-06-02,102.30
2014-06-03,102.42
2014-06-04,102.69
2014-06-05,102.44
2014-06-06,102.50
2014-06-09,102.52
2014-06-10,102.37
2014-06-11,101.94
2014-06-12,101.83
2014-06-13,102.06
2014-06-16,101.82
2014-06-17,102.18
2014-06-18,102.16
2014-06-19,101.84
2014-06-20,102.14
2014-06-23,101.90
2014-06-24,102.13
2014-06-25,101.75
2014-06-26,101.66
2014-06-27,101.39
2014-06-30,101.28
2014-07-01,101.51
2014-07-02,101.76
2014-07-03,102.19
2014-07-04,102.02
2014-07-07,101.84
2014-07-08,101.53
2014-07-09,101.70
2014-07-10,101.26
2014-07-11,101.33
2014-07-14,101.58
2014-07-15,101.62
2014-07-16,101.69
2014-07-17,101.30
2014-07-18,101.37
2014-07-21,101.34
2014-07-22,101.54
2014-07-23,101.50
2014-07-24,101.82
2014-07-25,101.81
2014-07-28,101.82
2014-07-29,102.12
2014-07-30,102.90
2014-07-31,102.75
2014-08-01,102.45
2014-08-04,102.47
2014-08-05,102.77
2014-08-06,102.34
2014-08-07,102.06
2014-08-08,101.91
2014-08-11,102.14
2014-08-12,102.22
2014-08-13,102.48
2014-08-14,102.44
2014-08-15,102.19
2014-08-18,102.54
2014-08-19,102.86
2014-08-20,103.36
2014-08-21,103.78
2014-08-22,103.97
2014-08-25,103.96
2014-08-26,104.12
2014-08-27,103.98
2014-08-28,103.78
2014-08-29,104.00
2014-09-01,104.55
2014-09-02,105.10
2014-09-03,104.88
2014-09-04,105.22
2014-09-05,104.94
2014-09-08,105.65
2014-09-09,106.32
2014-09-10,106.76
2014-09-11,106.87
2014-09-12,107.24
2014-09-15,107.18
2014-09-16,106.91
2014-09-17,107.58
2014-09-18,108.69
2014-09-19,108.96
2014-09-22,108.88
2014-09-23,108.82
2014-09-24,108.92
2014-09-25,108.70
2014-09-26,109.32
2014-09-29,109.34
2014-09-30,109.66
2014-10-01,109.30
2014-10-02,108.10
2014-10-03,109.70
2014-10-06,109.08
2014-10-07,108.30
2014-10-08,108.41
2014-10-09,108.00
2014-10-10,107.83
2014-10-13,107.49
2014-10-14,107.15
2014-10-15,106.06
2014-10-16,105.98
2014-10-17,106.72
2014-10-20,106.87
2014-10-21,106.70
2014-10-22,107.32
2014-10-23,108.16
2014-10-24,108.06
2014-10-27,107.71
2014-10-28,108.00
2014-10-29,108.10
2014-10-30,108.94
2014-10-31,112.09
2014-11-03,113.92
2014-11-04,113.44
2014-11-05,114.62
2014-11-06,114.87
2014-11-07,114.73
2014-11-10,114.78
2014-11-11,115.10
2014-11-12,115.42
2014-11-13,115.63
2014-11-14,116.52
2014-11-17,116.44
2014-11-18,116.76
2014-11-19,117.70
2014-11-20,118.14
2014-11-21,117.74
2014-11-24,118.39
2014-11-25,117.99
2014-11-26,117.60
2014-11-27,118.15
2014-11-28,118.70
2014-12-01,118.14
2014-12-02,119.10
2014-12-03,119.82
2014-12-04,119.67
2014-12-05,121.38
2014-12-08,120.89
2014-12-09,118.87
2014-12-10,118.50
2014-12-11,119.40
2014-12-12,118.22
2014-12-15,117.75
2014-12-16,117.28
2014-12-17,117.64
2014-12-18,118.84
2014-12-19,119.56
2014-12-22,119.84
2014-12-23,120.68
2014-12-24,120.45
2014-12-25,120.49
2014-12-26,120.53
2014-12-29,120.57
2014-12-30,119.34
2014-12-31,119.85
2015-01-01,120.03
2015-01-02,120.20
2015-01-05,119.64
2015-01-06,118.26
2015-01-07,119.52
2015-01-08,119.51
2015-01-09,118.66
2015-01-12,118.32
2015-01-13,118.16
2015-01-14,116.78
2015-01-15,116.95
2015-01-16,117.45
2015-01-19,117.97
2015-01-20,118.48
2015-01-21,117.86
2015-01-22,117.92
2015-01-23,117.80
2015-01-26,118.38
2015-01-27,117.62
2015-01-28,117.74
2015-01-29,118.31
2015-01-30,117.44
2015-02-02,117.33
2015-02-03,117.48
2015-02-04,117.58
2015-02-05,117.40
2015-02-06,119.16
2015-02-09,118.70
2015-02-10,119.32
2015-02-11,120.38
2015-02-12,118.72
2015-02-13,118.70
2015-02-16,118.84
2015-02-17,118.99
2015-02-18,119.19
2015-02-19,118.84
2015-02-20,118.68
2015-02-23,118.88
2015-02-24,119.13
2015-02-25,118.88
2015-02-26,119.36
2015-02-27,119.72
2015-03-02,120.06
2015-03-03,119.47
2015-03-04,119.76
2015-03-05,120.22
2015-03-06,120.93
2015-03-09,121.17
2015-03-10,121.20
2015-03-11,121.50
2015-03-12,121.28
2015-03-13,121.17
2015-03-16,121.30
2015-03-17,121.28
2015-03-18,120.92
2015-03-19,120.90
2015-03-20,120.28
2015-03-23,119.74
2015-03-24,119.90
2015-03-25,119.37
2015-03-26,119.01
2015-03-27,119.15
2015-03-30,120.11
2015-03-31,119.96
2015-04-01,119.62
2015-04-02,119.74
2015-04-03,118.96
2015-04-06,119.05
2015-04-07,120.36
2015-04-08,119.96
2015-04-09,120.32
2015-04-10,120.29
2015-04-13,120.32
2015-04-14,119.26
2015-04-15,119.23
2015-04-16,119.18
2015-04-17,119.02
2015-04-20,119.27
2015-04-21,119.45
2015-04-22,119.90
2015-04-23,119.69
2015-04-24,118.98
2015-04-27,119.12
2015-04-28,118.80
2015-04-29,118.83
2015-04-30,119.86
2015-05-01,120.21
2015-05-04,120.25
2015-05-05,119.87
2015-05-06,119.42
2015-05-07,119.74
2015-05-08,119.78
2015-05-11,120.05
2015-05-12,119.80
2015-05-13,119.09
2015-05-14,119.20
2015-05-15,119.36
2015-05-18,119.82
2015-05-19,120.58
2015-05-20,121.28
2015-05-21,121.06
2015-05-22,121.45
2015-05-25,122.27
2015-05-26,123.08
2015-05-27,123.76
2015-05-28,124.18
2015-05-29,123.98
2015-06-01,124.64
2015-06-02,124.19
2015-06-03,124.06
2015-06-04,124.56
2015-06-05,125.58
2015-06-08,125.08
2015-06-09,124.16
2015-06-10,122.72
2015-06-11,123.62
2015-06-12,123.23
2015-06-15,123.38
2015-06-16,123.39
2015-06-17,124.25
2015-06-18,122.87
2015-06-19,122.70
2015-06-22,123.28
2015-06-23,123.71
2015-06-24,124.24
2015-06-25,123.63
2015-06-26,123.92
2015-06-29,122.50
2015-06-30,122.10
2015-07-01,123.02
2015-07-02,123.14
2015-07-03,122.84
2015-07-06,122.53
2015-07-07,122.16
2015-07-08,120.54
2015-07-09,121.22
2015-07-10,122.75
2015-07-13,123.35
2015-07-14,123.39
2015-07-15,123.89
2015-07-16,124.04
2015-07-17,124.00
2015-07-20,124.24
2015-07-21,123.93
2015-07-22,124.08
2015-07-23,123.88
2015-07-24,123.74
2015-07-27,123.24
2015-07-28,123.52
2015-07-29,123.86
2015-07-30,124.38
2015-07-31,123.94
2015-08-03,123.98
2015-08-04,124.00
2015-08-05,124.84
2015-08-06,124.60
2015-08-07,124.27
2015-08-10,124.55
2015-08-11,124.90
2015-08-12,123.87
2015-08-13,124.32
2015-08-14,124.27
2015-08-17,124.33
2015-08-18,124.39
2015-08-19,124.10
2015-08-20,123.54
2015-08-21,122.11
2015-08-24,118.56
2015-08-25,119.91
2015-08-26,119.07
2015-08-27,120.89
2015-08-28,121.32
2015-08-31,121.26
2015-09-01,119.94
2015-09-02,120.00
2015-09-03,120.20
2015-09-04,119.05
2015-09-07,119.38
2015-09-08,119.72
2015-09-09,120.94
2015-09-10,120.71
2015-09-11,120.66
2015-09-14,119.92
2015-09-15,120.30
2015-09-16,120.62
2015-09-17,120.90
2015-09-18,119.85
2015-09-21,120.46
2015-09-22,120.04
2015-09-23,120.12
2015-09-24,119.54
2015-09-25,120.74
2015-09-28,119.82
2015-09-29,119.76
2015-09-30,119.81
2015-10-01,119.58
2015-10-02,119.42
2015-10-05,120.36
2015-10-06,120.18
2015-10-07,119.90
2015-10-08,119.94
2015-10-09,120.30
2015-10-12,120.05
2015-10-13,119.80
2015-10-14,119.21
2015-10-15,118.26
2015-10-16,119.60
2015-10-19,119.50
2015-10-20,119.79
2015-10-21,119.91
2015-10-22,120.50
2015-10-23,121.20
2015-10-26,120.87
2015-10-27,120.29
2015-10-28,120.56
2015-10-29,121.14
2015-10-30,120.70
2015-11-02,120.70
2015-11-03,121.20
2015-11-04,121.52
2015-11-05,121.71
2015-11-06,123.20
2015-11-09,123.04
2015-11-10,123.22
2015-11-11,123.03
2015-11-12,122.84
2015-11-13,122.93
2015-11-16,123.11
2015-11-17,123.48
2015-11-18,123.51
2015-11-19,122.71
2015-11-20,122.80
2015-11-23,123.02
2015-11-24,122.47
2015-11-25,122.70
2015-11-26,122.77
2015-11-27,122.84
2015-11-30,123.22
2015-12-01,122.88
2015-12-02,123.52
2015-12-03,123.06
2015-12-04,123.10
2015-12-07,123.31
2015-12-08,123.00
2015-12-09,121.86
2015-12-10,121.44
2015-12-11,120.94
2015-12-14,120.57
2015-12-15,121.66
2015-12-16,121.88
2015-12-17,122.75
2015-12-18,121.20
2015-12-21,120.99
2015-12-22,120.94
2015-12-23,120.94
2015-12-24,120.32
2015-12-25,120.31
2015-12-28,120.30
2015-12-29,120.44
2015-12-30,120.60
2015-12-31,120.27
2016-01-01,119.78
2016-01-04,119.30
2016-01-05,118.95
2016-01-06,118.54
2016-01-07,118.00
2016-01-08,117.74
2016-01-11,117.48
2016-01-12,117.78
2016-01-13,118.06
2016-01-14,118.03
2016-01-15,116.78
2016-01-18,117.22
2016-01-19,117.66
2016-01-20,116.38
2016-01-21,117.61
2016-01-22,118.37
2016-01-25,118.55
2016-01-26,118.50
2016-01-27,118.90
2016-01-28,118.61
2016-01-29,121.05
2016-02-01,121.06
2016-02-02,120.27
2016-02-03,117.92
2016-02-04,116.75
2016-02-05,116.99
2016-02-08,115.70
2016-02-09,114.80
2016-02-10,114.03
2016-02-11,111.72
2016-02-12,112.96
2016-02-15,113.43
2016-02-16,113.90
2016-02-17,114.14
2016-02-18,113.62
2016-02-19,112.42
2016-02-22,113.12
2016-02-23,112.17
2016-02-24,111.36
2016-02-25,112.70
2016-02-26,113.78
2016-02-29,112.90
2016-03-01,113.94
2016-03-02,113.81
2016-03-03,113.53
2016-03-04,113.91
2016-03-07,113.60
2016-03-08,112.58
2016-03-09,113.06
2016-03-10,113.10
2016-03-11,113.66
2016-03-14,113.59
2016-03-15,112.88
2016-03-16,113.69
2016-03-17,111.30
2016-03-18,111.38
2016-03-21,111.62
2016-03-22,111.82
2016-03-23,112.63
2016-03-24,112.64
2016-03-25,113.05
2016-03-28,113.29
2016-03-29,113.33
2016-03-30,112.60
2016-03-31,112.42
2016-04-01,112.06
2016-04-04,111.18
2016-04-05,110.26
2016-04-06,109.63
2016-04-07,107.98
2016-04-08,108.36
2016-04-11,107.96
2016-04-12,108.54
2016-04-13,109.21
2016-04-14,109.20
2016-04-15,108.76
2016-04-18,108.85
2016-04-19,109.16
2016-04-20,109.51
2016-04-21,109.41
2016-04-22,111.50
2016-04-25,111.08
2016-04-26,111.23
2016-04-27,111.26
2016-04-28,108.55
2016-04-29,106.90
2016-05-02,106.48
2016-05-03,106.34
2016-05-04,107.12
2016-05-05,107.32
2016-05-06,106.66
2016-05-09,108.39
2016-05-10,109.22
2016-05-11,108.48
2016-05-12,108.73
2016-05-13,109.14
2016-05-16,108.89
2016-05-17,109.02
2016-05-18,109.65
2016-05-19,109.81
2016-05-20,110.52
2016-05-23,109.47
2016-05-24,110.00
2016-05-25,110.22
2016-05-26,109.74
2016-05-27,109.86
2016-05-30,110.31
2016-05-31,110.75
2016-06-01,109.55
2016-06-02,108.75
2016-06-03,106.88
2016-06-06,107.33
2016-06-07,107.30
2016-06-08,106.68
2016-06-09,106.54
2016-06-10,107.06
2016-06-13,106.07
2016-06-14,106.02
2016-06-15,105.87
2016-06-16,104.05
2016-06-17,104.20
2016-06-20,104.32
2016-06-21,104.56
2016-06-22,104.56
2016-06-23,105.90
2016-06-24,102.26
2016-06-27,101.66
2016-06-28,102.71
2016-06-29,102.68
2016-06-30,102.77
2016-07-01,102.55
2016-07-04,102.06
2016-07-05,101.58
2016-07-06,101.12
2016-07-07,100.74
2016-07-08,100.65
2016-07-11,102.66
2016-07-12,104.72
2016-07-13,104.10
2016-07-14,105.40
2016-07-15,105.64
2016-07-18,106.00
2016-07-19,106.13
2016-07-20,106.65
2016-07-21,105.98
2016-07-22,106.22
2016-07-25,106.02
2016-07-26,104.83
2016-07-27,105.65
2016-07-28,104.86
2016-07-29,102.32
2016-08-01,102.26
2016-08-02,100.82
2016-08-03,101.34
2016-08-04,101.08
2016-08-05,101.74
2016-08-08,102.53
2016-08-09,101.96
2016-08-10,101.27
2016-08-11,101.46
2016-08-12,101.01
2016-08-15,101.02
2016-08-16,100.28
2016-08-17,100.24
2016-08-18,100.07
2016-08-19,100.24
2016-08-22,100.25
2016-08-23,100.20
2016-08-24,100.50
2016-08-25,100.58
2016-08-26,101.20
2016-08-29,102.13
2016-08-30,102.92
2016-08-31,103.38
2016-09-01,103.22
2016-09-02,104.18
2016-09-05,103.23
2016-09-06,102.28
2016-09-07,101.72
2016-09-08,102.28
2016-09-09,102.86
2016-09-12,101.96
2016-09-13,102.14
2016-09-14,102.33
2016-09-15,102.24
2016-09-16,102.36
2016-09-19,101.82
2016-09-20,101.66
2016-09-21,100.62
2016-09-22,100.80
2016-09-23,101.04
2016-09-26,100.34
2016-09-27,100.36
2016-09-28,100.57
2016-09-29,101.48
2016-09-30,101.21
2016-10-03,101.54
2016-10-04,102.66
2016-10-05,103.53
2016-10-06,104.02
2016-10-07,103.42
2016-10-10,103.39
2016-10-11,103.36
2016-10-12,104.48
2016-10-13,103.62
2016-10-14,104.10
2016-10-17,103.96
2016-10-18,103.80
2016-10-19,103.30
2016-10-20,103.92
2016-10-21,103.96
2016-10-24,104.20
2016-10-25,104.25
2016-10-26,104.42
2016-10-27,105.14
2016-10-28,105.40
2016-10-31,105.07
2016-11-01,104.59
2016-11-02,103.22
2016-11-03,103.17
2016-11-04,103.02
2016-11-07,104.60
2016-11-08,104.98
2016-11-09,104.84
2016-11-10,106.56
2016-11-11,107.43
2016-11-14,108.30
2016-11-15,108.94
2016-11-16,109.16
2016-11-17,109.64
2016-11-18,110.51
2016-11-21,111.12
2016-11-22,110.98
2016-11-23,112.58
2016-11-24,112.88
2016-11-25,113.17
2016-11-28,112.36
2016-11-29,112.78
2016-11-30,114.34
2016-12-01,114.34
2016-12-02,113.76
2016-12-05,114.10
2016-12-06,113.98
2016-12-07,113.50
2016-12-08,114.16
2016-12-09,115.17
2016-12-12,115.34
2016-12-13,115.26
2016-12-14,115.06
2016-12-15,118.32
2016-12-16,117.74
2016-12-19,116.60
2016-12-20,117.86
2016-12-21,117.79
2016-12-22,117.48
2016-12-23,117.22
2016-12-26,117.37
2016-12-27,117.52
2016-12-28,117.66
2016-12-29,116.32
2016-12-30,116.78
2017-01-02,117.23
2017-01-03,117.68
2017-01-04,117.38
2017-01-05,115.46
2017-01-06,116.85
2017-01-09,116.07
2017-01-10,115.74
2017-01-11,116.26
2017-01-12,113.87
2017-01-13,115.03
2017-01-16,114.00
2017-01-17,112.96
2017-01-18,113.40
2017-01-19,115.30
2017-01-20,114.10
2017-01-23,112.90
2017-01-24,113.63
2017-01-25,113.60
2017-01-26,114.70
2017-01-27,115.16
2017-01-30,113.86
2017-01-31,112.72
2017-02-01,113.29
2017-02-02,112.48
2017-02-03,112.42
2017-02-06,112.32
2017-02-07,112.14
2017-02-08,111.74
2017-02-09,113.24
2017-02-10,113.22
2017-02-13,113.79
2017-02-14,114.34
2017-02-15,114.17
2017-02-16,113.36
2017-02-17,112.86
2017-02-20,113.17
2017-02-21,113.48
2017-02-22,113.46
2017-02-23,112.68
2017-02-24,112.26
2017-02-27,112.01
2017-02-28,112.06
2017-03-01,113.66
2017-03-02,114.45
2017-03-03,114.60
2017-03-06,113.92
2017-03-07,113.99
2017-03-08,114.58
2017-03-09,114.71
2017-03-10,115.02
2017-03-13,114.61
2017-03-14,114.63
2017-03-15,114.66
2017-03-16,113.02
2017-03-17,112.67
2017-03-20,112.59
2017-03-21,111.90
2017-03-22,111.06
2017-03-23,111.12
2017-03-24,111.03
2017-03-27,110.48
2017-03-28,110.56
2017-03-29,111.05
2017-03-30,111.36
2017-03-31,111.41
2017-04-03,110.96
2017-04-04,110.74
2017-04-05,111.20
2017-04-06,111.02
2017-04-07,110.76
2017-04-10,110.95
2017-04-11,109.74
2017-04-12,109.54
2017-04-13,109.23
2017-04-14,108.63
2017-04-17,108.46
2017-04-18,108.40
2017-04-19,109.06
2017-04-20,109.34
2017-04-21,109.08
2017-04-24,109.74
2017-04-25,110.88
2017-04-26,111.52
2017-04-27,111.13
2017-04-28,111.44
2017-05-01,111.78
2017-05-02,112.06
2017-05-03,112.34
2017-05-04,112.70
2017-05-05,112.63
2017-05-08,112.84
2017-05-09,114.19
2017-05-10,114.02
2017-05-11,113.77
2017-05-12,113.30
2017-05-15,113.54
2017-05-16,113.24
2017-05-17,111.46
2017-05-18,110.82
2017-05-19,111.47
2017-05-22,111.15
2017-05-23,111.64
2017-05-24,112.02
2017-05-25,111.70
2017-05-26,111.30
2017-05-29,110.99
2017-05-30,110.68
2017-05-31,110.71
2017-06-01,111.24
2017-06-02,110.49
2017-06-05,110.49
2017-06-06,109.34
2017-06-07,109.54
2017-06-08,110.10
2017-06-09,110.61
2017-06-12,109.72
2017-06-13,110.12
2017-06-14,109.16
2017-06-15,110.66
2017-06-16,110.84
2017-06-19,111.34
2017-06-20,111.46
2017-06-21,111.58
2017-06-22,111.36
2017-06-23,111.26
2017-06-26,111.48
2017-06-27,112.42
2017-06-28,112.18
2017-06-29,112.32
2017-06-30,112.40
2017-07-03,113.32
2017-07-04,113.26
2017-07-05,113.20
2017-07-06,113.28
2017-07-07,114.10
2017-07-10,114.08
2017-07-11,114.20
2017-07-12,113.19
2017-07-13,113.39
2017-07-14,112.66
2017-07-17,112.76
2017-07-18,111.89
2017-07-19,111.77
2017-07-20,111.68
2017-07-21,111.18
2017-07-24,111.10
2017-07-25,111.57
2017-07-26,112.10
2017-07-27,111.62
2017-07-28,110.87
2017-07-31,110.38
2017-08-01,110.33
2017-08-02,110.43
2017-08-03,110.12
2017-08-04,110.76
2017-08-07,110.76
2017-08-08,110.74
2017-08-09,110.04
2017-08-10,109.37
2017-08-11,109.06
2017-08-14,109.48
2017-08-15,110.42
2017-08-16,110.80
2017-08-17,109.88
2017-08-18,109.32
2017-08-21,108.89
2017-08-22,109.40
2017-08-23,109.14
2017-08-24,109.34
2017-08-25,109.24
2017-08-28,109.22
2017-08-29,109.02
2017-08-30,110.20
2017-08-31,110.06
2017-09-01,110.09
2017-09-04,109.52
2017-09-05,108.94
2017-09-06,108.75
2017-09-07,108.26
2017-09-08,107.72
2017-09-11,109.03
2017-09-12,110.01
2017-09-13,110.58
2017-09-14,110.66
2017-09-15,110.84
2017-09-18,111.48
2017-09-19,111.49
2017-09-20,111.50
2017-09-21,112.30
2017-09-22,112.01
2017-09-25,111.64
2017-09-26,112.16
2017-09-27,112.76
2017-09-28,112.66
2017-09-29,112.64
2017-10-02,112.60
2017-10-03,112.80
2017-10-04,112.84
2017-10-05,112.74
2017-10-06,112.68
2017-10-09,112.42
2017-10-10,112.15
2017-10-11,112.35
2017-10-12,112.38
2017-10-13,111.94
2017-10-16,111.72
2017-10-17,112.32
2017-10-18,112.94
2017-10-19,112.54
2017-10-20,113.50
2017-10-23,113.66
2017-10-24,113.92
2017-10-25,113.70
2017-10-26,113.72
2017-10-27,113.82
2017-10-30,113.26
2017-10-31,113.63
2017-11-01,114.04
2017-11-02,113.84
2017-11-03,114.25
2017-11-06,113.90
2017-11-07,113.90
2017-11-08,113.62
2017-11-09,113.40
2017-11-10,113.51
2017-11-13,113.62
2017-11-14,113.50
2017-11-15,113.15
2017-11-16,112.89
2017-11-17,111.98
2017-11-20,112.49
2017-11-21,112.46
2017-11-22,111.62
2017-11-23,111.58
2017-11-24,111.54
2017-11-27,111.00
2017-11-28,111.13
2017-11-29,111.75
2017-11-30,112.30
2017-12-01,111.88
2017-12-04,112.80
2017-12-05,112.76
2017-12-06,112.32
2017-12-07,112.70
2017-12-08,113.55
2017-12-11,113.34
2017-12-12,113.62
2017-12-13,113.19
2017-12-14,112.56
2017-12-15,112.68
2017-12-18,112.40
2017-12-19,112.98
2017-12-20,113.29
2017-12-21,113.42
2017-12-22,113.30
2017-12-25,113.25
2017-12-26,113.20
2017-12-27,113.28
2017-12-28,112.85
2017-12-29,112.69
2018-01-01,112.44
2018-01-02,112.18
2018-01-03,112.28
2018-01-04,112.78
2018-01-05,113.18
2018-01-08,113.08
2018-01-09,112.57
2018-01-10,111.48
2018-01-11,111.35
2018-01-12,111.23
2018-01-15,110.98
2018-01-16,110.74
2018-01-17,110.81
2018-01-18,110.88
2018-01-19,110.56
2018-01-22,111.15
2018-01-23,110.46
2018-01-24,109.15
2018-01-25,108.70
2018-01-26,108.38
2018-01-29,109.12
2018-01-30,108.90
2018-01-31,109.31
2018-02-01,109.50
2018-02-02,110.40
2018-02-05,110.09
2018-02-06,109.18
2018-02-07,109.53
2018-02-08,109.00
2018-02-09,108.44
2018-02-12,108.72
2018-02-13,107.59
2018-02-14,107.00
2018-02-15,106.36
2018-02-16,106.10
2018-02-19,106.66
2018-02-20,107.23
2018-02-21,107.64
2018-02-22,106.96
2018-02-23,106.64
2018-02-26,106.96
2018-02-27,107.47
2018-02-28,106.62
2018-03-01,106.91
2018-03-02,105.65
2018-03-05,105.97
2018-03-06,106.03
2018-03-07,105.94
2018-03-08,106.08
2018-03-09,106.74
2018-03-12,106.52
2018-03-13,106.64
2018-03-14,106.17
2018-03-15,106.07
2018-03-16,106.10
2018-03-19,105.83
2018-03-20,106.42
2018-03-21,106.30
2018-03-22,105.34
2018-03-23,104.83
2018-03-26,105.00
2018-03-27,105.72
2018-03-28,106.30
2018-03-29,106.27
2018-03-30,106.20
2018-04-02,105.99
2018-04-03,106.45
2018-04-04,106.56
2018-04-05,107.48
2018-04-06,107.03
2018-04-09,107.06
2018-04-10,107.30
2018-04-11,106.78
2018-04-12,107.30
2018-04-13,107.52
2018-04-16,107.26
2018-04-17,107.09
2018-04-18,107.26
2018-04-19,107.42
2018-04-20,107.60
2018-04-23,108.62
2018-04-24,109.03
2018-04-25,109.33
2018-04-26,109.30
2018-04-27,109.12
2018-04-30,109.28
2018-05-01,109.69
2018-05-02,109.89
2018-05-03,109.06
2018-05-04,109.16
2018-05-07,109.14
2018-05-08,109.16
2018-05-09,109.68
2018-05-10,109.53
2018-05-11,109.26
2018-05-14,109.52
2018-05-15,110.25
2018-05-16,110.22
2018-05-17,110.76
2018-05-18,110.71
2018-05-21,111.08
2018-05-22,110.94
2018-05-23,110.05
2018-05-24,109.30
2018-05-25,109.35
2018-05-28,108.98
2018-05-29,108.62
2018-05-30,109.04
2018-05-31,108.73
2018-06-01,109.49
2018-06-04,109.66
2018-06-05,109.63
2018-06-06,110.00
2018-06-07,109.92
2018-06-08,109.45
2018-06-11,109.94
2018-06-12,110.22
2018-06-13,110.41
2018-06-14,110.44
2018-06-15,110.58
2018-06-18,110.44
2018-06-19,110.02
2018-06-20,110.14
2018-06-21,110.05
2018-06-22,109.98
2018-06-25,109.62
2018-06-26,109.92
2018-06-27,110.34
2018-06-28,110.38
2018-06-29,110.71
2018-07-02,110.73
2018-07-03,110.54
2018-07-04,110.56
2018-07-05,110.59
2018-07-06,110.48
2018-07-09,110.78
2018-07-10,111.24
2018-07-11,111.52
2018-07-12,112.41
2018-07-13,112.38
2018-07-16,112.29
2018-07-17,112.79
2018-07-18,112.82
2018-07-19,112.98
2018-07-20,111.74
2018-07-23,111.36
2018-07-24,111.27
2018-07-25,111.02
2018-07-26,111.20
2018-07-27,110.94
2018-07-30,110.98
2018-07-31,111.88
2018-08-01,111.72
2018-08-02,111.48
2018-08-03,111.12
2018-08-06,111.43
2018-08-07,111.19
2018-08-08,110.96
2018-08-09,110.90
2018-08-10,110.66
2018-08-13,110.65
2018-08-14,110.92
2018-08-15,110.62
2018-08-16,110.89
2018-08-17,110.54
2018-08-20,110.38
2018-08-21,110.48
2018-08-22,110.54
2018-08-23,111.14
2018-08-24,111.22
2018-08-27,111.09
2018-08-28,111.04
2018-08-29,111.80
2018-08-30,111.17
2018-08-31,110.98
2018-09-03,111.21
2018-09-04,111.44
2018-09-05,111.47
2018-09-06,110.87
2018-09-07,111.18
2018-09-10,111.09
2018-09-11,111.54
2018-09-12,111.29
2018-09-13,111.92
2018-09-14,112.09
2018-09-17,111.97
2018-09-18,112.30
2018-09-19,112.21
2018-09-20,112.58
2018-09-21,112.62
2018-09-24,112.62
2018-09-25,112.88
2018-09-26,112.92
2018-09-27,113.38
2018-09-28,113.48
2018-10-01,113.96
2018-10-02,113.66
2018-10-03,114.19
2018-10-04,113.79
2018-10-05,113.56
2018-10-08,113.34
2018-10-09,113.13
2018-10-10,112.71
2018-10-11,112.26
2018-10-12,112.02
2018-10-15,111.82
2018-10-16,112.16
2018-10-17,112.21
2018-10-18,112.11
2018-10-19,112.52
2018-10-22,112.78
2018-10-23,112.12
2018-10-24,112.58
2018-10-25,112.54
2018-10-26,111.65
2018-10-29,112.49
2018-10-30,112.76
2018-10-31,112.86
2018-11-01,112.79
2018-11-02,113.09
2018-11-05,113.22
2018-11-06,113.38
2018-11-07,113.32
2018-11-08,113.87
2018-11-09,113.77
2018-11-12,113.87
2018-11-13,113.97
2018-11-14,113.70
2018-11-15,113.46
2018-11-16,112.76
2018-11-19,112.54
2018-11-20,112.66
2018-11-21,113.06
2018-11-22,112.94
2018-11-23,112.83
2018-11-26,113.58
2018-11-27,113.84
2018-11-28,113.96
2018-11-29,113.42
2018-11-30,113.54
2018-12-03,113.54
2018-12-04,112.93
2018-12-05,112.69
2018-12-06,112.46
2018-12-07,112.60
2018-12-10,112.96
2018-12-11,113.41
2018-12-12,113.28
2018-12-13,113.66
2018-12-14,113.35
2018-12-17,112.96
2018-12-18,112.54
2018-12-19,112.15
2018-12-20,111.34
2018-12-21,111.14
2018-12-24,110.92
2018-12-25,110.68
2018-12-26,110.45
2018-12-27,110.78
2018-12-28,110.34
2018-12-31,109.70
2019-01-01,109.46
2019-01-02,109.22
2019-01-03,108.07
2019-01-04,108.29
2019-01-07,108.62
2019-01-08,108.57
2019-01-09,108.38
2019-01-10,108.29
2019-01-11,108.34
2019-01-14,108.53
2019-01-15,108.72
2019-01-16,108.84
2019-01-17,109.01
2019-01-18,109.79
2019-01-21,109.56
2019-01-22,109.34
2019-01-23,109.44
2019-01-24,109.72
2019-01-25,109.60
2019-01-28,109.20
2019-01-29,109.36
2019-01-30,109.57
2019-01-31,108.84
2019-02-01,109.55
2019-02-04,109.96
2019-02-05,109.99
2019-02-06,109.75
2019-02-07,109.70
2019-02-08,109.76
2019-02-11,110.40
2019-02-12,110.50
2019-02-13,110.86
2019-02-14,110.68
2019-02-15,110.54
2019-02-18,110.61
2019-02-19,110.68
2019-02-20,110.70
2019-02-21,110.72
2019-02-22,110.70
2019-02-25,111.07
2019-02-26,110.76
2019-02-27,110.92
2019-02-28,111.38
2019-03-01,111.89
2019-03-04,111.68
2019-03-05,111.98
2019-03-06,111.66
2019-03-07,111.60
2019-03-08,111.11
2019-03-11,111.21
2019-03-12,111.38
2019-03-13,111.23
2019-03-14,111.71
2019-03-15,111.57
2019-03-18,111.41
2019-03-19,111.38
2019-03-20,111.41
2019-03-21,110.86
2019-03-22,109.76
2019-03-25,110.09
2019-03-26,110.50
2019-03-27,110.38
2019-03-28,110.54
2019-03-29,110.68
2019-04-01,111.29
2019-04-02,111.32
2019-04-03,111.48
2019-04-04,111.55
2019-04-05,111.71
2019-04-08,111.47
2019-04-09,111.08
2019-04-10,110.92
2019-04-11,111.48
2019-04-12,112.00
2019-04-15,112.00
2019-04-16,111.95
2019-04-17,112.00
2019-04-18,111.94
2019-04-19,111.92
2019-04-22,111.94
2019-04-23,111.86
2019-04-24,111.81
2019-04-25,111.59
2019-04-26,111.60
2019-04-29,111.80
2019-04-30,111.40
2019-05-01,111.18
2019-05-02,111.39
2019-05-03,111.28
2019-05-06,110.86
2019-05-07,110.34
2019-05-08,110.12
2019-05-09,109.55
2019-05-10,109.56
2019-05-13,109.18
2019-05-14,109.68
2019-05-15,109.58
2019-05-16,109.89
2019-05-17,109.90
2019-05-20,109.96
2019-05-21,110.60
2019-05-22,110.28
2019-05-23,109.58
2019-05-24,109.38
2019-05-27,109.44
2019-05-28,109.49
2019-05-29,109.24
2019-05-30,109.67
2019-05-31,108.66
2019-06-03,108.39
2019-06-04,108.30
2019-06-05,108.20
2019-06-06,108.08
2019-06-07,108.15
2019-06-10,108.56
2019-06-11,108.52
2019-06-12,108.42
2019-06-13,108.44
2019-06-14,108.44
2019-06-17,108.56
2019-06-18,108.39
2019-06-19,108.36
2019-06-20,107.52
2019-06-21,107.55
2019-06-24,107.36
2019-06-25,106.92
2019-06-26,107.64
2019-06-27,107.73
2019-06-28,107.84
2019-07-01,108.42
2019-07-02,107.98
2019-07-03,107.84
2019-07-04,108.19
2019-07-05,108.55
2019-07-08,108.72
2019-07-09,108.78
2019-07-10,108.44
2019-07-11,108.29
2019-07-12,108.00
2019-07-15,107.89
2019-07-16,108.35
2019-07-17,108.10
2019-07-18,107.74
2019-07-19,107.78
2019-07-22,107.91
2019-07-23,108.06
2019-07-24,108.08
2019-07-25,108.58
2019-07-26,108.69
2019-07-29,108.86
2019-07-30,108.66
2019-07-31,108.58
2019-08-01,108.28
2019-08-02,106.64
2019-08-05,106.02
2019-08-06,106.45
2019-08-07,105.62
2019-08-08,106.04
2019-08-09,105.30
2019-08-12,105.38
2019-08-13,106.60
2019-08-14,105.79
2019-08-15,106.12
2019-08-16,106.34
2019-08-19,106.50
2019-08-20,106.35
2019-08-21,106.52
2019-08-22,106.44
2019-08-23,105.30
2019-08-26,106.00
2019-08-27,105.80
2019-08-28,105.86
2019-08-29,106.50
2019-08-30,106.30
2019-09-02,106.09
2019-09-03,105.88
2019-09-04,106.28
2019-09-05,106.96
2019-09-06,106.80
2019-09-09,107.14
2019-09-10,107.34
2019-09-11,107.73
2019-09-12,107.97
2019-09-13,108.12
2019-09-16,107.94
2019-09-17,108.12
2019-09-18,108.17
2019-09-19,108.00
2019-09-20,107.95
2019-09-23,107.47
2019-09-24,107.32
2019-09-25,107.78
2019-09-26,107.67
2019-09-27,108.05
2019-09-30,108.11
2019-10-01,107.70
2019-10-02,107.21
2019-10-03,106.76
2019-10-04,106.91
2019-10-07,107.06
2019-10-08,107.06
2019-10-09,107.43
2019-10-10,107.91
2019-10-11,108.52
2019-10-14,108.67
2019-10-15,108.83
2019-10-16,108.71
2019-10-17,108.51
2019-10-18,108.44
2019-10-21,108.57
2019-10-22,108.56
2019-10-23,108.64
2019-10-24,108.62
2019-10-25,108.75
2019-10-28,109.02
2019-10-29,108.83
2019-10-30,108.88
2019-10-31,108.09
2019-11-01,108.16
2019-11-04,108.56
2019-11-05,109.13
2019-11-06,108.86
2019-11-07,109.42
2019-11-08,109.14
2019-11-11,109.12
2019-11-12,109.09
2019-11-13,108.83
2019-11-14,108.33
2019-11-15,108.80
2019-11-18,108.61
2019-11-19,108.59
2019-11-20,108.67
2019-11-21,108.53
2019-11-22,108.67
2019-11-25,108.95
2019-11-26,109.11
2019-11-27,109.38
2019-11-28,109.42
2019-11-29,109.47
2019-12-02,109.09
2019-12-03,108.53
2019-12-04,108.87
2019-12-05,108.69
2019-12-06,108.66
2019-12-09,108.59
2019-12-10,108.73
2019-12-11,108.67
2019-12-12,109.16
2019-12-13,109.28
2019-12-16,109.64
2019-12-17,109.52
2019-12-18,109.58
2019-12-19,109.23
2019-12-20,109.45
2019-12-23,109.39
2019-12-24,109.38
2019-12-25,109.53
2019-12-26,109.67
2019-12-27,109.47
2019-12-30,108.85
2019-12-31,108.67
2020-01-01,108.55
2020-01-02,108.43
2020-01-03,107.94
2020-01-06,108.36
2020-01-07,108.53
2020-01-08,109.03
2020-01-09,109.47
2020-01-10,109.50
2020-01-13,109.93
2020-01-14,110.05
2020-01-15,109.94
2020-01-16,110.16
2020-01-17,110.16
2020-01-20,110.06
2020-01-21,109.95
2020-01-22,109.93
2020-01-23,109.39
2020-01-24,109.31
2020-01-27,108.95
2020-01-28,109.17
2020-01-29,109.15
2020-01-30,108.75
2020-01-31,108.50
2020-02-03,108.59
2020-02-04,109.41
2020-02-05,109.74
2020-02-06,109.89
2020-02-07,109.81
2020-02-10,109.77
2020-02-11,109.78
2020-02-12,110.00
2020-02-13,109.81
2020-02-14,109.77
2020-02-17,109.78
2020-02-18,109.80
2020-02-19,111.17
2020-02-20,111.86
2020-02-21,111.74
2020-02-24,110.56
2020-02-25,110.23
2020-02-26,110.36
2020-02-27,110.15
2020-02-28,108.12
2020-03-02,108.02
2020-03-03,107.28
2020-03-04,107.34
2020-03-05,106.56
2020-03-06,105.31
2020-03-09,102.52
2020-03-10,103.71
2020-03-11,104.81
2020-03-12,105.67
2020-03-13,107.15
2020-03-16,105.64
2020-03-17,107.41
2020-03-18,108.45
2020-03-19,110.08
2020-03-20,111.30
2020-03-23,111.36
2020-03-24,111.44
2020-03-25,111.43
2020-03-26,109.45
2020-03-27,108.16
2020-03-30,108.06
2020-03-31,107.53
2020-04-01,107.05
2020-04-02,107.85
2020-04-03,108.53
2020-04-06,109.11
2020-04-07,108.97
2020-04-08,108.70
2020-04-09,108.38
2020-04-10,108.39
2020-04-13,107.59
2020-04-14,107.08
2020-04-15,107.42
2020-04-16,107.72
2020-04-17,107.52
2020-04-20,107.69
2020-04-21,107.69
2020-04-22,107.81
2020-04-23,107.65
2020-04-24,107.44
2020-04-27,107.22
2020-04-28,106.83
2020-04-29,106.67
2020-04-30,106.94
2020-05-01,106.76
2020-05-04,106.82
2020-05-05,106.52
2020-05-06,106.07
2020-05-07,106.36
2020-05-08,106.50
2020-05-11,107.70
2020-05-12,107.33
2020-05-13,106.92
2020-05-14,107.09
2020-05-15,107.27
2020-05-18,107.25
2020-05-19,107.89
2020-05-20,107.46
2020-05-21,107.69
2020-05-22,107.50
2020-05-25,107.57
2020-05-26,107.64
2020-05-27,107.79
2020-05-28,107.67
2020-05-29,107.77
2020-06-01,107.56
2020-06-02,108.60
2020-06-03,108.88
2020-06-04,109.00
2020-06-05,109.68
2020-06-08,108.46
2020-06-09,107.66
2020-06-10,107.25
2020-06-11,106.67
2020-06-12,107.36
2020-06-15,107.33
2020-06-16,107.35
2020-06-17,107.26
2020-06-18,106.78
2020-06-19,106.89
2020-06-22,106.84
2020-06-23,106.44
2020-06-24,106.83
2020-06-25,107.21
2020-06-26,107.19
2020-06-29,107.71
2020-06-30,107.77
2020-07-01,107.50
2020-07-02,107.55
2020-07-03,107.53
2020-07-06,107.50
2020-07-07,107.53
2020-07-08,107.39
2020-07-09,107.27
2020-07-10,106.77
2020-07-13,107.22
2020-07-14,107.20
2020-07-15,106.92
2020-07-16,107.05
2020-07-17,107.06
2020-07-20,107.21
2020-07-21,106.82
2020-07-22,107.18
2020-07-23,106.83
2020-07-24,105.79
2020-07-27,105.29
2020-07-28,105.03
2020-07-29,105.06
2020-07-30,105.05
2020-07-31,105.78
2020-08-03,106.11
2020-08-04,105.87
2020-08-05,105.44
2020-08-06,105.52
2020-08-07,105.92
2020-08-10,105.85
2020-08-11,106.56
2020-08-12,106.85
2020-08-13,106.89
2020-08-14,106.49
2020-08-17,105.97
2020-08-18,105.41
2020-08-19,105.71
2020-08-20,105.81
2020-08-21,105.88
2020-08-24,105.90
2020-08-25,106.40
2020-08-26,106.13
2020-08-27,106.42
2020-08-28,105.30
2020-08-31,105.84
2020-09-01,106.00
2020-09-02,106.15
2020-09-03,106.14
2020-09-04,106.34
2020-09-07,106.16
2020-09-08,105.97
2020-09-09,106.23
2020-09-10,106.19
2020-09-11,106.17
2020-09-14,105.68
2020-09-15,105.50
2020-09-16,104.94
2020-09-17,104.77
2020-09-18,104.44
2020-09-21,104.69
2020-09-22,105.05
2020-09-23,105.34
2020-09-24,105.42
2020-09-25,105.59
2020-09-28,105.50
2020-09-29,105.68
2020-09-30,105.58
2020-10-01,105.53
2020-10-02,105.36
2020-10-05,105.70
2020-10-06,105.64
2020-10-07,105.97
2020-10-08,105.98
2020-10-09,105.72
2020-10-12,105.63
2020-10-13,105.55
2020-10-14,105.08
2020-10-15,105.38
2020-10-16,105.41
2020-10-19,105.42
2020-10-20,105.56
2020-10-21,104.58
2020-10-22,104.88
2020-10-23,104.78
2020-10-26,104.86
2020-10-27,104.44
2020-10-28,104.33
2020-10-29,104.69
2020-10-30,104.54
2020-11-02,104.80
2020-11-03,104.50
2020-11-04,104.39
2020-11-05,103.67
2020-11-06,103.32
2020-11-09,105.58
2020-11-10,105.36
2020-11-11,105.26
2020-11-12,105.16
2020-11-13,104.61
2020-11-16,104.54
2020-11-17,104.20
2020-11-18,103.72
2020-11-19,103.85
2020-11-20,103.81
2020-11-23,104.42
2020-11-24,104.61
2020-11-25,104.39
2020-11-26,104.39
2020-11-27,104.38
2020-11-30,104.38
2020-12-01,104.40
2020-12-02,104.52
2020-12-03,103.77
2020-12-04,104.16
2020-12-07,104.01
2020-12-08,104.14
2020-12-09,104.28
2020-12-10,104.30
2020-12-11,103.88
2020-12-14,104.06
2020-12-15,103.69
2020-12-16,103.59
2020-12-17,103.13
2020-12-18,103.35
2020-12-21,103.44
2020-12-22,103.62
2020-12-23,103.52
2020-12-24,103.63
2020-12-25,103.73
2020-12-28,103.84
2020-12-29,103.50
2020-12-30,103.31
2020-12-31,103.19
2021-01-01,103.19
2021-01-04,103.19
2021-01-05,102.70
2021-01-06,103.25
2021-01-07,103.84
2021-01-08,103.89
2021-01-11,104.16
2021-01-12,104.09
2021-01-13,103.91
2021-01-14,103.66
2021-01-15,103.80
2021-01-18,103.83
2021-01-19,103.86
2021-01-20,103.72
2021-01-21,103.57
2021-01-22,103.76
2021-01-25,103.78
2021-01-26,103.69
2021-01-27,104.09
2021-01-28,104.31
2021-01-29,104.64
2021-02-01,104.97
2021-02-02,105.09
2021-02-03,105.05
2021-02-04,105.43
2021-02-05,105.44
2021-02-08,105.19
2021-02-09,104.62
2021-02-10,104.67
2021-02-11,104.75
2021-02-12,104.94
2021-02-15,105.41
2021-02-16,105.88
2021-02-17,105.83
2021-02-18,105.69
2021-02-19,105.58
2021-02-22,105.06
2021-02-23,105.21
2021-02-24,105.91
2021-02-25,106.22
2021-02-26,106.64
2021-03-01,106.68
2021-03-02,106.75
2021-03-03,106.92
2021-03-04,107.58
2021-03-05,108.24
2021-03-08,108.92
2021-03-09,108.64
2021-03-10,108.58
2021-03-11,108.44
2021-03-12,108.87
2021-03-15,109.11
2021-03-16,109.01
2021-03-17,109.22
2021-03-18,108.97
2021-03-19,108.85
2021-03-22,108.67
2021-03-23,108.61
2021-03-24,108.81
2021-03-25,109.13
2021-03-26,109.55
2021-03-29,109.73
2021-03-30,110.19
2021-03-31,110.61
2021-04-01,110.61
2021-04-02,110.67
2021-04-05,110.08
2021-04-06,109.83
2021-04-07,109.67
2021-04-08,109.25
2021-04-09,109.64
2021-04-12,109.43
2021-04-13,109.19
2021-04-14,108.93
2021-04-15,108.78
2021-04-16,108.78
2021-04-19,108.09
2021-04-20,108.07
2021-04-21,108.09
2021-04-22,108.17
2021-04-23,107.94
2021-04-26,108.12
2021-04-27,108.56
2021-04-28,108.81
2021-04-29,108.94
2021-04-30,109.33
2021-05-03,109.08
2021-05-04,109.34
2021-05-05,109.27
2021-05-06,109.17
2021-05-07,108.52
2021-05-10,108.70
2021-05-11,108.53
2021-05-12,109.53
2021-05-13,109.56
2021-05-14,109.37
2021-05-17,109.17
2021-05-18,109.01
2021-05-19,108.76
2021-05-20,108.79
2021-05-21,108.94
2021-05-24,108.81
2021-05-25,108.95
2021-05-26,109.10
2021-05-27,109.81
2021-05-28,109.83
2021-05-31,109.63
2021-06-01,109.43
2021-06-02,109.59
2021-06-03,110.28
2021-06-04,109.42
2021-06-07,109.25
2021-06-08,109.47
2021-06-09,109.61
2021-06-10,109.49
2021-06-11,109.75
2021-06-14,109.98
2021-06-15,110.12
2021-06-16,109.88
2021-06-17,110.28
2021-06-18,110.21
2021-06-21,110.22
2021-06-22,110.75
2021-06-23,110.86
2021-06-24,110.91
2021-06-25,110.78
2021-06-28,110.50
2021-06-29,110.53
2021-06-30,111.05
2021-07-01,111.56
2021-07-02,111.28
2021-07-05,110.97
2021-07-06,110.66
2021-07-07,110.62
2021-07-08,109.82
2021-07-09,110.18
2021-07-12,110.36
2021-07-13,110.36
2021-07-14,110.03
2021-07-15,110.05
2021-07-16,110.13
2021-07-19,109.45
2021-07-20,109.92
2021-07-21,110.22
2021-07-22,110.10
2021-07-23,110.52
2021-07-26,110.31
2021-07-27,109.64
2021-07-28,110.06
2021-07-29,109.53
2021-07-30,109.70
2021-08-02,109.22
2021-08-03,109.09
2021-08-04,109.44
2021-08-05,109.75
2021-08-06,110.22
2021-08-09,110.25
2021-08-10,110.54
2021-08-11,110.47
2021-08-12,110.36
2021-08-13,109.75
2021-08-16,109.26
2021-08-17,109.59
2021-08-18,109.92
2021-08-19,109.75
2021-08-20,109.77
2021-08-23,109.78
2021-08-24,109.68
2021-08-25,110.03
2021-08-26,110.09
2021-08-27,109.84
2021-08-30,109.91
2021-08-31,110.05
2021-09-01,110.03
2021-09-02,110.01
2021-09-03,109.64
2021-09-06,109.91
2021-09-07,110.17
2021-09-08,110.32
2021-09-09,109.76
2021-09-10,109.93
2021-09-13,109.94
2021-09-14,109.66
2021-09-15,109.40
2021-09-16,109.67
2021-09-17,109.94
2021-09-20,109.47
2021-09-21,109.33
2021-09-22,109.59
2021-09-23,110.17
2021-09-24,110.72
2021-09-27,110.97
2021-09-28,111.33
2021-09-29,111.83
2021-09-30,111.50
2021-10-01,110.97
2021-10-04,110.94
2021-10-05,111.39
2021-10-06,111.33
2021-10-07,111.50
2021-10-08,112.15
2021-10-11,112.92
2021-10-12,113.69
2021-10-13,113.49
2021-10-14,113.59
2021-10-15,114.31
2021-10-18,114.22
2021-10-19,114.27
2021-10-20,114.24
2021-10-21,113.75
2021-10-22,113.54
2021-10-25,113.70
2021-10-26,114.19
2021-10-27,113.75
2021-10-28,113.38
2021-10-29,114.03
2021-11-01,114.19
2021-11-02,113.78
2021-11-03,114.06
2021-11-04,113.63
2021-11-05,113.45
2021-11-08,113.15
2021-11-09,112.87
2021-11-10,113.89
2021-11-11,113.90
2021-11-12,113.90
2021-11-15,113.96
2021-11-16,114.62
2021-11-17,114.33
2021-11-18,114.22
2021-11-19,113.81
2021-11-22,114.69
2021-11-23,114.98
2021-11-24,115.34
2021-11-25,114.40
2021-11-26,113.46
2021-11-29,113.75
2021-11-30,113.22
2021-12-01,112.82
2021-12-02,113.10
2021-12-03,112.88
2021-12-06,113.31
2021-12-07,113.61
2021-12-08,113.83
2021-12-09,113.53
2021-12-10,113.36
2021-12-13,113.42
2021-12-14,113.63
2021-12-15,113.83
2021-12-16,113.67
2021-12-17,113.56
2021-12-20,113.45
2021-12-21,114.11
2021-12-22,114.22
2021-12-23,114.42
2021-12-24,114.63
2021-12-27,114.85
2021-12-28,114.75
2021-12-29,114.97
2021-12-30,115.17
2021-12-31,115.22
2022-01-03,115.27
2022-01-04,116.12
2022-01-05,115.91
2022-01-06,115.78
2022-01-07,115.61
2022-01-10,115.14
2022-01-11,115.38
2022-01-12,114.74
2022-01-13,114.06
2022-01-14,113.89
2022-01-17,114.25
2022-01-18,114.60
2022-01-19,114.28
2022-01-20,114.08
2022-01-21,113.72
2022-01-24,113.82
2022-01-25,113.88
2022-01-26,114.33
2022-01-27,115.47
2022-01-28,115.21
2022-01-31,115.22
2022-02-01,114.77
2022-02-02,114.36
2022-02-03,114.88
2022-02-04,115.22
2022-02-07,115.09
2022-02-08,115.62
2022-02-09,115.44
2022-02-10,115.84
2022-02-11,115.91
2022-02-14,115.72
2022-02-15,115.64
2022-02-16,115.41
2022-02-17,115.03
2022-02-18,115.08
2022-02-21,115.01
2022-02-22,114.94
2022-02-23,115.12
2022-02-24,115.45
2022-02-25,115.62
2022-02-28,115.11
2022-03-01,114.87
2022-03-02,115.59
2022-03-03,115.67
2022-03-04,114.65
2022-03-07,115.41
2022-03-08,115.64
2022-03-09,115.87
2022-03-10,116.05
2022-03-11,117.08
2022-03-14,118.00
2022-03-15,118.19
2022-03-16,118.48
2022-03-17,118.45
2022-03-18,119.17
2022-03-21,119.15
2022-03-22,120.66
2022-03-23,121.02
2022-03-24,122.08
2022-03-25,121.98
